gate round1 tree=108aa950f190aae37334e76d11424f291ec0cccd+dirty
Analyzing Halcyon...                                            
No issues found! (ran in 1.4s)
ANALYZE_RC=0
00:00 +0: loading /Users/jhangyu/project/Halcyon/test/providers/app_state_open_with_test.dart
00:00 +0: /Users/jhangyu/project/Halcyon/test/providers/app_state_open_with_test.dart: AppState.openPhotoAtPath TC-160 keeps the loaded folder when the file does not exist
00:00 +1: /Users/jhangyu/project/Halcyon/test/providers/app_state_open_with_test.dart: AppState.openPhotoAtPath TC-161 keeps the loaded folder when the parent directory is missing
00:00 +2: /Users/jhangyu/project/Halcyon/test/providers/app_state_open_with_test.dart: AppState.openPhotoAtPath TC-162 still opens a real file and selects it
00:00 +3: /Users/jhangyu/project/Halcyon/test/providers/app_state_open_with_test.dart: AppState.openPhotoAtPath TC-163 ignores unsupported extensions
00:00 +4: loading /Users/jhangyu/project/Halcyon/test/providers/app_state_test.dart
00:00 +4: /Users/jhangyu/project/Halcyon/test/providers/app_state_test.dart: AppState.loadFolder scans supported files, ignores hidden files, and groups by photo id
00:00 +5: /Users/jhangyu/project/Halcyon/test/providers/app_state_test.dart: AppState.loadFolder warns on the status line when the folder is read-only
00:00 +6: /Users/jhangyu/project/Halcyon/test/providers/app_state_test.dart: AppState.loadFolder restores saved statuses and last viewed id from JSON
00:00 +7: /Users/jhangyu/project/Halcyon/test/providers/app_state_test.dart: AppState.loadFolder scans RW2 files into photo groups
00:00 +8: /Users/jhangyu/project/Halcyon/test/providers/app_state_test.dart: AppState.loadFolder groups CR2/NEF/ORF raw files with their JPG sibling
00:00 +9: /Users/jhangyu/project/Halcyon/test/providers/app_state_test.dart: AppState selection and marking auto-advance moves to the next photo after applying a new status
00:00 +10: /Users/jhangyu/project/Halcyon/test/providers/app_state_test.dart: AppState selection and marking uses semantic image request purposes for preview and sidebar thumbnail loading
00:00 +11: /Users/jhangyu/project/Halcyon/test/providers/app_state_test.dart: AppState selection and marking toggling a status off does not auto-advance even when auto-advance is on
00:00 +12: /Users/jhangyu/project/Halcyon/test/providers/app_state_test.dart: AppState selection and marking nextPhoto and previousPhoto move selection within bounds
00:00 +13: /Users/jhangyu/project/Halcyon/test/providers/app_state_test.dart: AppState selection and marking TC-222 currentItem returns null for a selection that is gone
00:00 +14: /Users/jhangyu/project/Halcyon/test/providers/app_state_test.dart: AppState selection and marking TC-223 currentItem does not throw on an empty item list
00:00 +15: /Users/jhangyu/project/Halcyon/test/providers/app_state_test.dart: AppState selection and marking TC-221 a failing copy surfaces a status message
processStarred failure: IMG_0001.jpg: FileSystemException: Cannot copy file to '/var/folders/pm/m43m8lxj3dx50nsw5ggjw_580000gn/T/halcyon_ps221_dest_ru3BJh/IMG_0001.jpg', path = '/var/folders/pm/m43m8lxj3dx50nsw5ggjw_580000gn/T/halcyon_ps221_src_aK3vYI/IMG_0001.jpg' (OS Error: Is a directory, errno = 21)
00:00 +16: /Users/jhangyu/project/Halcyon/test/providers/app_state_test.dart: AppState selection and marking TC-224 a scan failure surfaces a status message
Error loading directory: FileSystemException: unreadable, path = ''
00:00 +17: /Users/jhangyu/project/Halcyon/test/providers/app_state_test.dart: AppState selection and marking TC-225 readMetadataFor chunks once and reports progress
00:00 +18: /Users/jhangyu/project/Halcyon/test/providers/app_state_test.dart: AppState.openPhotoAtPath loads the containing folder and selects the given file
00:00 +19: /Users/jhangyu/project/Halcyon/test/providers/app_state_test.dart: AppState.openPhotoAtPath ignores unsupported files instead of clearing the folder
00:00 +20: /Users/jhangyu/project/Halcyon/test/providers/app_state_test.dart: AppState recycle mode defaults on when a folder has same-name sibling groups
00:00 +21: /Users/jhangyu/project/Halcyon/test/providers/app_state_test.dart: AppState recycle mode defaults off when every photo has a single extension
00:00 +22: /Users/jhangyu/project/Halcyon/test/providers/app_state_test.dart: AppState recycle mode toggles both ways and notifies listeners
00:00 +23: /Users/jhangyu/project/Halcyon/test/providers/app_state_test.dart: AppState recycle mode recycle mode moves files to .trash instead of the system trash
00:00 +24: /Users/jhangyu/project/Halcyon/test/providers/app_state_test.dart: AppState recycle mode direct mode still routes through the system trash
00:00 +25: /Users/jhangyu/project/Halcyon/test/providers/app_state_test.dart: renameByExif TC-049 renames files and moves the star to the new id
00:00 +26: /Users/jhangyu/project/Halcyon/test/providers/app_state_test.dart: renameByExif TC-050 undo restores the original names and the star
00:00 +27: /Users/jhangyu/project/Halcyon/test/providers/app_state_test.dart: renameByExif TC-051 a custom rule is saved; a preset clears it
00:00 +28: loading /Users/jhangyu/project/Halcyon/test/models/rename_rule_test.dart
00:01 +28: /Users/jhangyu/project/Halcyon/test/models/rename_rule_test.dart: TC-024 default template renders zero-padded date and time
00:01 +29: /Users/jhangyu/project/Halcyon/test/models/rename_rule_test.dart: TC-025 {seq} defaults to one digit, {seq:3} zero-pads to three
00:01 +30: /Users/jhangyu/project/Halcyon/test/models/rename_rule_test.dart: TC-026 missing capture date falls back to file mtime
00:01 +31: /Users/jhangyu/project/Halcyon/test/models/rename_rule_test.dart: TC-027 non-date variables render, missing ones render empty
00:01 +32: /Users/jhangyu/project/Halcyon/test/models/rename_rule_test.dart: TC-028 path-hostile characters are replaced, edges trimmed
00:01 +33: /Users/jhangyu/project/Halcyon/test/models/rename_rule_test.dart: TC-029 unknown variable and empty result are reported as errors
00:01 +34: /Users/jhangyu/project/Halcyon/test/models/rename_rule_test.dart: TC-030 every preset is a valid template and the default is first
00:01 +35: loading /Users/jhangyu/project/Halcyon/test/models/supported_photo_formats_test.dart
00:01 +35: /Users/jhangyu/project/Halcyon/test/models/supported_photo_formats_test.dart: SupportedPhotoFormats.decodableExtensions derives exactly from kSupportedDecodeExtensions, dotted form
00:01 +36: /Users/jhangyu/project/Halcyon/test/models/supported_photo_formats_test.dart: D2 browse-only extensions (.cr2, .iiq, .mrw) are NOT in decodableExtensions
00:01 +37: /Users/jhangyu/project/Halcyon/test/models/supported_photo_formats_test.dart: D2 browse-only extensions (.cr2, .iiq, .mrw) ARE in rawExtensions and supportedExtensions
00:01 +38: /Users/jhangyu/project/Halcyon/test/models/supported_photo_formats_test.dart: isDecodablePath true for an engine-decodable extension
00:01 +39: /Users/jhangyu/project/Halcyon/test/models/supported_photo_formats_test.dart: isDecodablePath false for a D2 browse-only extension
00:01 +40: /Users/jhangyu/project/Halcyon/test/models/supported_photo_formats_test.dart: isDecodablePath false for an unsupported extension
00:01 +41: /Users/jhangyu/project/Halcyon/test/models/supported_photo_formats_test.dart: AC1 — folder scan surfaces a file of every derived-list extension over a fake directory listing, every decodable+browse-only ext is picked up
00:01 +42: /Users/jhangyu/project/Halcyon/test/models/supported_photo_formats_test.dart: rawExtensions / supportedExtensions composition rawExtensions == decodableExtensions union browseOnlyRawExtensions
00:01 +43: /Users/jhangyu/project/Halcyon/test/models/supported_photo_formats_test.dart: rawExtensions / supportedExtensions composition supportedExtensions includes jpg/jpeg/png plus all raw extensions
00:01 +44: loading /Users/jhangyu/project/Halcyon/test/models/photo_item_test.dart
00:02 +44: /Users/jhangyu/project/Halcyon/test/models/photo_item_test.dart: PhotoItem.bestFileToLoad prefers JPG over RAW files in the same group
00:02 +45: /Users/jhangyu/project/Halcyon/test/models/photo_item_test.dart: PhotoItem.bestFileToLoad falls back to the first RAW file when no preview format exists
00:02 +46: /Users/jhangyu/project/Halcyon/test/models/photo_item_test.dart: SupportedPhotoFormats central registry includes RW2 and excludes unsupported files
00:02 +47: /Users/jhangyu/project/Halcyon/test/models/photo_item_test.dart: SupportedPhotoFormats HEIC is not scanned, and never preferred over a decodable sibling
00:02 +48: loading /Users/jhangyu/project/Halcyon/test/main_test.dart
00:02 +48: /Users/jhangyu/project/Halcyon/test/main_test.dart: configureImageCache raises ImageCache.maximumSizeBytes to 768 MiB (default 100MB only fits ~1 full-frame decode)
00:02 +49: /Users/jhangyu/project/Halcyon/test/main_test.dart: main screen accepts file drops through DropTarget
00:03 +50: /Users/jhangyu/project/Halcyon/test/main_test.dart: R key toggles recycle mode
00:03 +51: /Users/jhangyu/project/Halcyon/test/main_test.dart: HalcyonApp renders empty-folder prompt
00:03 +52: /Users/jhangyu/project/Halcyon/test/main_test.dart: DropTarget is disabled while a dialog route is on top
00:03 +53: loading /Users/jhangyu/project/Halcyon/test/perf/perf_log_build_stamp_test.dart
00:03 +53: /Users/jhangyu/project/Halcyon/test/perf/perf_log_build_stamp_test.dart: P-2b kHalcyonBuildCommit reflects HALCYON_BUILD_COMMIT at compile time
00:03 +54: loading /Users/jhangyu/project/Halcyon/test/views/photo_action_bar_test.dart
00:04 +54: /Users/jhangyu/project/Halcyon/test/views/photo_action_bar_test.dart: direct mode shows the trash can icons
00:04 +55: /Users/jhangyu/project/Halcyon/test/views/photo_action_bar_test.dart: recycle mode shows the restore-from-trash icons
00:04 +56: loading /Users/jhangyu/project/Halcyon/test/views/sidebar_view_test.dart
00:04 +56: /Users/jhangyu/project/Halcyon/test/views/sidebar_view_test.dart: trashed status icon follows the mode
00:05 +57: /Users/jhangyu/project/Halcyon/test/views/sidebar_view_test.dart: invoking onSelected with the shared constant reaches the export path
00:05 +58: /Users/jhangyu/project/Halcyon/test/views/sidebar_view_test.dart: TC-055 onSelected with the shared constant opens the dialog
00:05 +59: /Users/jhangyu/project/Halcyon/test/views/sidebar_view_test.dart: sidebar sweep routes sidebarThumbnail requests through the Dart producer
00:05 +60: /Users/jhangyu/project/Halcyon/test/views/sidebar_view_test.dart: sidebar RAW-decode fallback: decodable PNG for a bare-CFA DNG, maxDim 200 requested
00:06 +61: /Users/jhangyu/project/Halcyon/test/views/sidebar_view_test.dart: sidebar RAW-decode fallback: decoder throwing is a permanent miss, no crash, no retry signal
00:06 +62: /Users/jhangyu/project/Halcyon/test/views/sidebar_view_test.dart: sidebar RAW-decode fallback: a non-RAW item never reaches the decoder
00:06 +63: /Users/jhangyu/project/Halcyon/test/views/sidebar_view_test.dart: TC-226 the overflow menu exposes exactly the five actions
00:06 +64: loading /Users/jhangyu/project/Halcyon/test/views/main_detail_view_test.dart
00:06 +64: /Users/jhangyu/project/Halcyon/test/views/main_detail_view_test.dart: TC-230 the detail view spins with no bytes and no provider
00:07 +65: loading /Users/jhangyu/project/Halcyon/test/views/theme_tokens_test.dart
00:07 +65: /Users/jhangyu/project/Halcyon/test/views/theme_tokens_test.dart: TC-229 HalcyonTokens.of falls back to dark
00:07 +66: /Users/jhangyu/project/Halcyon/test/views/theme_tokens_test.dart: TC-229b lerp returns a HalcyonTokens, not null
00:07 +67: loading /Users/jhangyu/project/Halcyon/test/views/sidebar_view_thumbnail_decode_cap_test.dart
00:08 +67: /Users/jhangyu/project/Halcyon/test/views/sidebar_view_thumbnail_decode_cap_test.dart: AC2/AC3: sidebar thumbnail decode is capped at 32*devicePixelRatio on the longest edge and preserves source aspect ratio within 1%
00:08 +68: loading /Users/jhangyu/project/Halcyon/test/views/zoom_controller_test.dart
00:09 +68: /Users/jhangyu/project/Halcyon/test/views/zoom_controller_test.dart: ordinary zoom request a plain zoom-in from identity requests an animation
00:09 +69: /Users/jhangyu/project/Halcyon/test/views/zoom_controller_test.dart: ordinary zoom request a plain zoom-out from a zoomed-in state requests an animation
00:09 +70: /Users/jhangyu/project/Halcyon/test/views/zoom_controller_test.dart: upper bound zooming in repeatedly clamps at exactly 5.0x
00:09 +71: /Users/jhangyu/project/Halcyon/test/views/zoom_controller_test.dart: upper bound a step at the 5.0x ceiling produces no further zoom request
00:09 +72: /Users/jhangyu/project/Halcyon/test/views/zoom_controller_test.dart: lower bound reset a target scale <= 1.05 snaps back to identity, not to 1.0x-ish
00:09 +73: /Users/jhangyu/project/Halcyon/test/views/zoom_controller_test.dart: lower bound reset a scale still above 1.05 after zoom-out is NOT reset to identity
00:09 +74: /Users/jhangyu/project/Halcyon/test/views/zoom_controller_test.dart: focus selection uses pointerPosition when the cursor is over the viewer
00:09 +75: /Users/jhangyu/project/Halcyon/test/views/zoom_controller_test.dart: focus selection falls back to lastKnownCenter when the cursor has left
00:09 +76: /Users/jhangyu/project/Halcyon/test/views/zoom_controller_test.dart: focus selection a later layout centre is used once the pointer exits
00:09 +77: /Users/jhangyu/project/Halcyon/test/views/zoom_controller_test.dart: notification contract a zoom request notifies listeners exactly once
00:09 +78: /Users/jhangyu/project/Halcyon/test/views/zoom_controller_test.dart: notification contract writing lastKnownCenter or pointerPosition never notifies
00:09 +79: loading /Users/jhangyu/project/Halcyon/test/views/rename_dialog_test.dart
00:09 +79: /Users/jhangyu/project/Halcyon/test/views/rename_dialog_test.dart: TC-052 every preset and every variable chip is rendered
00:10 +80: /Users/jhangyu/project/Halcyon/test/views/rename_dialog_test.dart: TC-053 an invalid rule disables Rename and shows the reason
00:10 +81: /Users/jhangyu/project/Halcyon/test/views/rename_dialog_test.dart: TC-054 tapping a chip appends its token to the rule
00:10 +82: loading /Users/jhangyu/project/Halcyon/test/views/status_line_test.dart
00:11 +82: /Users/jhangyu/project/Halcyon/test/views/status_line_test.dart: holds for 2.5s, fades over 0.5s, gone at 3.0s
00:11 +83: /Users/jhangyu/project/Halcyon/test/views/status_line_test.dart: a second message restarts the timer
00:11 +84: /Users/jhangyu/project/Halcyon/test/views/status_line_test.dart: emphasisSpans colours only the starred runs
00:11 +85: /Users/jhangyu/project/Halcyon/test/views/status_line_test.dart: TC-056 an action message renders a button that fires once
00:11 +86: /Users/jhangyu/project/Halcyon/test/views/status_line_test.dart: reveal builds the right command per OS and surfaces failure
00:11 +87: /Users/jhangyu/project/Halcyon/test/views/status_line_test.dart: reveal returns null on a successful (exit 0) process run
00:11 +88: /Users/jhangyu/project/Halcyon/test/views/status_line_test.dart: reveal surfaces a ProcessException (binary missing / spawn failure)
00:11 +89: loading /Users/jhangyu/project/Halcyon/test/services/platform/open_with_channel_test.dart
00:11 +89: /Users/jhangyu/project/Halcyon/test/services/platform/open_with_channel_test.dart: a pushed openFile call is delivered to the listener
00:11 +90: /Users/jhangyu/project/Halcyon/test/services/platform/open_with_channel_test.dart: an empty path is ignored
00:11 +91: /Users/jhangyu/project/Halcyon/test/services/platform/open_with_channel_test.dart: an unrecognised method is ignored
00:11 +92: loading /Users/jhangyu/project/Halcyon/test/services/library/photo_file_actions_test.dart
00:12 +92: /Users/jhangyu/project/Halcyon/test/services/library/photo_file_actions_test.dart: PhotoFileActions.deleteTrashed moves trashed files and sidecars through the trash service
00:12 +93: /Users/jhangyu/project/Halcyon/test/services/library/photo_file_actions_test.dart: PhotoFileActions.deleteTrashed keeps the source file when trash service fails
00:12 +94: /Users/jhangyu/project/Halcyon/test/services/library/photo_file_actions_test.dart: PhotoFileActions.deleteTrashed TC-207 deleteTrashed continues past a failing trash call
00:12 +95: /Users/jhangyu/project/Halcyon/test/services/library/photo_file_actions_test.dart: PhotoFileActions.processStarred copy mode copies starred items to the destination, leaves the source untouched, skips unstarred items
00:12 +96: /Users/jhangyu/project/Halcyon/test/services/library/photo_file_actions_test.dart: PhotoFileActions.processStarred move mode moves starred items to the destination, removes the source, leaves unstarred untouched
00:12 +97: /Users/jhangyu/project/Halcyon/test/services/library/photo_file_actions_test.dart: PhotoFileActions.processStarred move mode processes every sibling file in a RAW+JPG group
00:12 +98: /Users/jhangyu/project/Halcyon/test/services/library/photo_file_actions_test.dart: PhotoFileActions.processStarred overwriteExisting=false skips a starred file whose destination already exists, source is left alone
00:12 +99: /Users/jhangyu/project/Halcyon/test/services/library/photo_file_actions_test.dart: PhotoFileActions.processStarred overwriteExisting=true replaces an existing destination file
00:12 +100: /Users/jhangyu/project/Halcyon/test/services/library/photo_file_actions_test.dart: PhotoFileActions.processStarred copy mode discards a preexisting destination AppleDouble sidecar and keeps the source sidecar
00:12 +101: /Users/jhangyu/project/Halcyon/test/services/library/photo_file_actions_test.dart: PhotoFileActions.processStarred move mode discards the source AppleDouble sidecar instead of moving it
00:12 +102: /Users/jhangyu/project/Halcyon/test/services/library/photo_file_actions_test.dart: PhotoFileActions.processStarred does nothing when the destination folder does not exist
00:12 +103: /Users/jhangyu/project/Halcyon/test/services/library/photo_file_actions_test.dart: PhotoFileActions.processStarred TC-206 processStarred continues past a failing file
00:12 +104: /Users/jhangyu/project/Halcyon/test/services/library/photo_file_actions_test.dart: PhotoFileActions.recycleTrashed moves every sibling file and sidecar into .trash
00:12 +105: /Users/jhangyu/project/Halcyon/test/services/library/photo_file_actions_test.dart: PhotoFileActions.recycleTrashed suffixes collisions instead of overwriting
00:12 +106: /Users/jhangyu/project/Halcyon/test/services/library/photo_file_actions_test.dart: PhotoFileActions.recycleTrashed records per-file failures and keeps processing the rest
00:12 +107: /Users/jhangyu/project/Halcyon/test/services/library/photo_file_actions_test.dart: TC-212 sidecarPathFor prefixes the basename only
00:12 +108: loading /Users/jhangyu/project/Halcyon/test/services/library/photo_export_service_test.dart
00:12 +108: /Users/jhangyu/project/Halcyon/test/services/library/photo_export_service_test.dart: only starred items are exported; unmarked/trashed are not
00:12 +109: /Users/jhangyu/project/Halcyon/test/services/library/photo_export_service_test.dart: an item with .dng + .jpg siblings produces exactly one output file, from the JPEG source
00:12 +110: /Users/jhangyu/project/Halcyon/test/services/library/photo_export_service_test.dart: an existing destination file is overwritten
00:12 +111: /Users/jhangyu/project/Halcyon/test/services/library/photo_export_service_test.dart: a fetch that returns null or throws lands in failures and the remaining items still export
00:12 +112: /Users/jhangyu/project/Halcyon/test/services/library/photo_export_service_test.dart: onProgress is called once per item with a monotonically increasing done and the correct total
00:12 +113: /Users/jhangyu/project/Halcyon/test/services/library/photo_export_service_test.dart: a destination that does not exist returns an empty outcome without throwing
00:12 +114: /Users/jhangyu/project/Halcyon/test/services/library/photo_export_service_test.dart: default fetch (no fetchBytes injected): pure-Dart export pipeline a preview-bearing DNG exports a JPEG with long edge <= 2048, no channel call
00:14 +115: /Users/jhangyu/project/Halcyon/test/services/library/photo_export_service_test.dart: default fetch (no fetchBytes injected): pure-Dart export pipeline a no-preview DNG with an injected decoder exports via the raw-decode branch, no channel call
00:14 +116: /Users/jhangyu/project/Halcyon/test/services/library/photo_export_service_test.dart: default fetch (no fetchBytes injected): pure-Dart export pipeline a no-preview DNG with NO decoder injected fails the item, no crash, no channel call
00:14 +117: /Users/jhangyu/project/Halcyon/test/services/library/photo_export_service_test.dart: exportBytesFor: source EXIF carry-over (P3 review P-14 ruling) export of a DNG with source Make/Model/DateTimeOriginal EXIF carries those tags into the output JPEG, with Orientation forced to 1
00:15 +118: /Users/jhangyu/project/Halcyon/test/services/library/photo_export_service_test.dart: bakeExifOnDecoded: all 8 EXIF orientation values orientation 1: identity
00:15 +119: /Users/jhangyu/project/Halcyon/test/services/library/photo_export_service_test.dart: bakeExifOnDecoded: all 8 EXIF orientation values orientation 2: flip horizontal
00:15 +120: /Users/jhangyu/project/Halcyon/test/services/library/photo_export_service_test.dart: bakeExifOnDecoded: all 8 EXIF orientation values orientation 3: rotate 180
00:15 +121: /Users/jhangyu/project/Halcyon/test/services/library/photo_export_service_test.dart: bakeExifOnDecoded: all 8 EXIF orientation values orientation 4: flip vertical (no-op on a 1-row image, colours unchanged)
00:15 +122: /Users/jhangyu/project/Halcyon/test/services/library/photo_export_service_test.dart: bakeExifOnDecoded: all 8 EXIF orientation values orientation 5: transpose (rotate 90 + flip horizontal)
00:15 +123: /Users/jhangyu/project/Halcyon/test/services/library/photo_export_service_test.dart: bakeExifOnDecoded: all 8 EXIF orientation values orientation 6: rotate 90 CW
00:15 +124: /Users/jhangyu/project/Halcyon/test/services/library/photo_export_service_test.dart: bakeExifOnDecoded: all 8 EXIF orientation values orientation 7: transverse (rotate 270 + flip horizontal)
00:15 +125: /Users/jhangyu/project/Halcyon/test/services/library/photo_export_service_test.dart: bakeExifOnDecoded: all 8 EXIF orientation values orientation 8: rotate 270 CW
00:15 +126: /Users/jhangyu/project/Halcyon/test/services/library/photo_export_service_test.dart: A7 offset-view export regression TC-214 an offset-view RGBA buffer exports the same pixels
00:15 +127: /Users/jhangyu/project/Halcyon/test/services/library/photo_export_service_test.dart: A7 offset-view export regression TC-215 a length/dimension mismatch returns null, not garbage
00:15 +128: /Users/jhangyu/project/Halcyon/test/services/library/photo_export_service_test.dart: shared orientation table parity TC-216 bakeExifOnDecoded agrees with the shared table for 1..8
00:15 +129: loading /Users/jhangyu/project/Halcyon/test/services/library/photo_status_store_test.dart
00:16 +129: /Users/jhangyu/project/Halcyon/test/services/library/photo_status_store_test.dart: TC-041 a custom rule survives a round trip
00:16 +130: /Users/jhangyu/project/Halcyon/test/services/library/photo_status_store_test.dart: TC-042 saveStatuses preserves _last_viewed_id and _rename_rule
00:16 +131: /Users/jhangyu/project/Halcyon/test/services/library/photo_status_store_test.dart: TC-043 applySavedStatuses does not treat _rename_rule as a stale key
00:16 +132: /Users/jhangyu/project/Halcyon/test/services/library/photo_status_store_test.dart: TC-044 remapKeys moves marks and the last-viewed id to new ids
00:16 +133: /Users/jhangyu/project/Halcyon/test/services/library/photo_status_store_test.dart: TC-208 a corrupt status file loads as empty instead of throwing
Halcyon: unreadable .halcyon_status.json (FormatException: Unterminated string (at character 13)
{"A": "starr
            ^
); ignoring it
00:16 +134: /Users/jhangyu/project/Halcyon/test/services/library/photo_status_store_test.dart: TC-209 corrupt JSON degrades on every read entry point
00:16 +135: /Users/jhangyu/project/Halcyon/test/services/library/photo_status_store_test.dart: TC-210 concurrent saves do not lose each other's keys
00:16 +136: loading /Users/jhangyu/project/Halcyon/test/services/image_pipeline/tier_two_scheduler_test.dart
00:16 +136: /Users/jhangyu/project/Halcyon/test/services/image_pipeline/tier_two_scheduler_test.dart: TC-239 the debounce is a cancel-and-reschedule: only the FINAL navigation position ever gets a tier-2 sweep
00:16 +137: /Users/jhangyu/project/Halcyon/test/services/image_pipeline/tier_two_scheduler_test.dart: TC-240 the tier-2 queue is sequential: exactly ONE load is in flight at a time, released in near-to-far order
00:16 +138: /Users/jhangyu/project/Halcyon/test/services/image_pipeline/tier_two_scheduler_test.dart: TC-241 the window re-check is INSIDE the queued body: an item the user has navigated away from is dropped instead of loaded
00:16 +139: /Users/jhangyu/project/Halcyon/test/services/image_pipeline/tier_two_scheduler_test.dart: TC-242 a swept window publishes its encoded payloads to the registry, and the next sweep evicts the ids that left the window
00:16 +140: loading /Users/jhangyu/project/Halcyon/test/services/image_pipeline/dng_embedded_jpeg_extractor_test.dart
00:16 +140: /Users/jhangyu/project/Halcyon/test/services/image_pipeline/dng_embedded_jpeg_extractor_test.dart: sample directory exists with at least one DNG
00:16 +141: /Users/jhangyu/project/Halcyon/test/services/image_pipeline/dng_embedded_jpeg_extractor_test.dart: extractFullSizeEmbeddedJpeg — real DNG samples with embedded preview 2026-02-15-19-37-38.dng: extracts a decodable SOI/EOI-bounded JPEG
00:17 +142: /Users/jhangyu/project/Halcyon/test/services/image_pipeline/dng_embedded_jpeg_extractor_test.dart: extractFullSizeEmbeddedJpeg — real DNG samples with embedded preview 2026-02-15-20-53-24.dng: extracts a decodable SOI/EOI-bounded JPEG
00:17 +143: /Users/jhangyu/project/Halcyon/test/services/image_pipeline/dng_embedded_jpeg_extractor_test.dart: extractFullSizeEmbeddedJpeg — real DNG samples with embedded preview 2026-02-15-20-53-31.dng: extracts a decodable SOI/EOI-bounded JPEG
00:17 +144: /Users/jhangyu/project/Halcyon/test/services/image_pipeline/dng_embedded_jpeg_extractor_test.dart: extractFullSizeEmbeddedJpeg — real DNG samples with embedded preview 2026-02-15-20-57-15.dng: extracts a decodable SOI/EOI-bounded JPEG
00:17 +145: /Users/jhangyu/project/Halcyon/test/services/image_pipeline/dng_embedded_jpeg_extractor_test.dart: extractFullSizeEmbeddedJpeg — real DNG samples with embedded preview 2026-02-15-20-57-23-2.dng: extracts a decodable SOI/EOI-bounded JPEG
00:17 +146: /Users/jhangyu/project/Halcyon/test/services/image_pipeline/dng_embedded_jpeg_extractor_test.dart: extractFullSizeEmbeddedJpeg — real DNG samples with embedded preview 2026-02-15-20-57-23.dng: extracts a decodable SOI/EOI-bounded JPEG
00:17 +147: /Users/jhangyu/project/Halcyon/test/services/image_pipeline/dng_embedded_jpeg_extractor_test.dart: extractFullSizeEmbeddedJpeg — real DNG samples with embedded preview 2026-02-15-20-57-26.dng: extracts a decodable SOI/EOI-bounded JPEG
00:17 +148: /Users/jhangyu/project/Halcyon/test/services/image_pipeline/dng_embedded_jpeg_extractor_test.dart: extractFullSizeEmbeddedJpeg — real DNG samples with embedded preview 2026-02-15-20-57-28.dng: extracts a decodable SOI/EOI-bounded JPEG
00:17 +149: /Users/jhangyu/project/Halcyon/test/services/image_pipeline/dng_embedded_jpeg_extractor_test.dart: extractFullSizeEmbeddedJpeg — real DNG samples with embedded preview 2026-02-15-21-53-33.dng: extracts a decodable SOI/EOI-bounded JPEG
00:17 +150: /Users/jhangyu/project/Halcyon/test/services/image_pipeline/dng_embedded_jpeg_extractor_test.dart: extractFullSizeEmbeddedJpeg — real DNG samples with embedded preview 2026-02-15-21-53-41.dng: extracts a decodable SOI/EOI-bounded JPEG
00:17 +151: /Users/jhangyu/project/Halcyon/test/services/image_pipeline/dng_embedded_jpeg_extractor_test.dart: extractFullSizeEmbeddedJpeg — real DNG samples with embedded preview 2026-02-15-21-53-42.dng: extracts a decodable SOI/EOI-bounded JPEG
00:18 +152: /Users/jhangyu/project/Halcyon/test/services/image_pipeline/dng_embedded_jpeg_extractor_test.dart: extractFullSizeEmbeddedJpeg — real DNG samples with embedded preview 2026-02-15-21-53-43.dng: extracts a decodable SOI/EOI-bounded JPEG
00:18 +153: /Users/jhangyu/project/Halcyon/test/services/image_pipeline/dng_embedded_jpeg_extractor_test.dart: extractFullSizeEmbeddedJpeg — real DNG samples with embedded preview 2026-08-07-17-52-54.dng: extracts a decodable SOI/EOI-bounded JPEG
00:18 +154: /Users/jhangyu/project/Halcyon/test/services/image_pipeline/dng_embedded_jpeg_extractor_test.dart: IMG_20251112_092839.dng (no qualifying embedded preview) returns null, not a crash
00:18 +155: /Users/jhangyu/project/Halcyon/test/services/image_pipeline/dng_embedded_jpeg_extractor_test.dart: orientation tag: sample with EXIF orientation 6 is read and injected
00:18 +156: /Users/jhangyu/project/Halcyon/test/services/image_pipeline/dng_embedded_jpeg_extractor_test.dart: malformed/truncated/non-DNG input degrades to null, never throws empty bytes
00:18 +157: /Users/jhangyu/project/Halcyon/test/services/image_pipeline/dng_embedded_jpeg_extractor_test.dart: malformed/truncated/non-DNG input degrades to null, never throws too short to contain a TIFF header
00:18 +158: /Users/jhangyu/project/Halcyon/test/services/image_pipeline/dng_embedded_jpeg_extractor_test.dart: malformed/truncated/non-DNG input degrades to null, never throws wrong byte-order marker (not II/MM)
00:18 +159: /Users/jhangyu/project/Halcyon/test/services/image_pipeline/dng_embedded_jpeg_extractor_test.dart: malformed/truncated/non-DNG input degrades to null, never throws valid byte-order marker but garbage magic/IFD offset
00:18 +160: /Users/jhangyu/project/Halcyon/test/services/image_pipeline/dng_embedded_jpeg_extractor_test.dart: malformed/truncated/non-DNG input degrades to null, never throws a real DNG truncated mid-file (IFD offsets now point past EOF)
00:18 +161: /Users/jhangyu/project/Halcyon/test/services/image_pipeline/dng_embedded_jpeg_extractor_test.dart: malformed/truncated/non-DNG input degrades to null, never throws a plain JPEG (non-DNG) file is rejected without throwing
00:18 +162: /Users/jhangyu/project/Halcyon/test/services/image_pipeline/dng_embedded_jpeg_extractor_test.dart: malformed/truncated/non-DNG input degrades to null, never throws extractFullSizeEmbeddedJpegFromFile on a nonexistent path returns null
00:18 +163: /Users/jhangyu/project/Halcyon/test/services/image_pipeline/dng_embedded_jpeg_extractor_test.dart: malformed/truncated/non-DNG input degrades to null, never throws readDngOrientation degrades to 1 for malformed input
00:18 +164: /Users/jhangyu/project/Halcyon/test/services/image_pipeline/dng_embedded_jpeg_extractor_test.dart: M7 ruling E: orientation is clamped to the EXIF-legal range 1..8 raw orientation 0 is reported as 1
00:18 +165: /Users/jhangyu/project/Halcyon/test/services/image_pipeline/dng_embedded_jpeg_extractor_test.dart: M7 ruling E: orientation is clamped to the EXIF-legal range 1..8 raw orientation 1 is reported as 1
00:18 +166: /Users/jhangyu/project/Halcyon/test/services/image_pipeline/dng_embedded_jpeg_extractor_test.dart: M7 ruling E: orientation is clamped to the EXIF-legal range 1..8 raw orientation 8 is reported as 8
00:18 +167: /Users/jhangyu/project/Halcyon/test/services/image_pipeline/dng_embedded_jpeg_extractor_test.dart: M7 ruling E: orientation is clamped to the EXIF-legal range 1..8 raw orientation 9 is reported as 1
00:18 +168: /Users/jhangyu/project/Halcyon/test/services/image_pipeline/dng_embedded_jpeg_extractor_test.dart: M7 ruling E: orientation is clamped to the EXIF-legal range 1..8 the null row: undetermined stays 1 where the contract folds it, and stays null where the contract preserves it
00:18 +169: /Users/jhangyu/project/Halcyon/test/services/image_pipeline/dng_embedded_jpeg_extractor_test.dart: M7 ruling G-2: minLongEdge rejects an undersized selected candidate longEdge: null — rejected with minLongEdge, returned without
00:18 +170: /Users/jhangyu/project/Halcyon/test/services/image_pipeline/dng_embedded_jpeg_extractor_test.dart: M7 ruling G-2: minLongEdge rejects an undersized selected candidate longEdge: 200 — same pair, proving it applies in both selection modes and not just the full-size one
00:18 +171: /Users/jhangyu/project/Halcyon/test/services/image_pipeline/dng_embedded_jpeg_extractor_test.dart: M7 ruling G-2: minLongEdge rejects an undersized selected candidate minLongEdge rejects rather than re-selects: a container that HAS a qualifying candidate still returns the largest, not the smallest one clearing the bar
00:18 +172: /Users/jhangyu/project/Halcyon/test/services/image_pipeline/dng_embedded_jpeg_extractor_test.dart: M7 ruling G-2: minLongEdge rejects an undersized selected candidate the default is null, i.e. every existing caller is unchanged
00:18 +173: /Users/jhangyu/project/Halcyon/test/services/image_pipeline/dng_embedded_jpeg_extractor_test.dart: Panasonic container (TIFF version word 85) full-size request selects the JpgFromRaw2 (0x0127) blob
00:19 +174: /Users/jhangyu/project/Halcyon/test/services/image_pipeline/dng_embedded_jpeg_extractor_test.dart: Panasonic container (TIFF version word 85) sidebar request (longEdge 200) picks the smaller 0x002E blob
00:19 +175: /Users/jhangyu/project/Halcyon/test/services/image_pipeline/dng_embedded_jpeg_extractor_test.dart: Panasonic container (TIFF version word 85) the same container with version word 42 keeps the old behaviour: vendor tags are not honoured outside the Panasonic flavour
00:20 +176: /Users/jhangyu/project/Halcyon/test/services/image_pipeline/dng_embedded_jpeg_extractor_test.dart: Panasonic container (TIFF version word 85) an unknown version word is still rejected: the gate opened for 85, not for everything
00:21 +177: /Users/jhangyu/project/Halcyon/test/services/image_pipeline/dng_embedded_jpeg_extractor_test.dart: Panasonic container (TIFF version word 85) orientation is read from IFD0 and injected into the blob
00:22 +178: /Users/jhangyu/project/Halcyon/test/services/image_pipeline/dng_embedded_jpeg_extractor_test.dart: Panasonic container (TIFF version word 85) readImageDimensions falls back to the vendor extent tags
00:22 +179: /Users/jhangyu/project/Halcyon/test/services/image_pipeline/dng_embedded_jpeg_extractor_test.dart: Panasonic container (TIFF version word 85) probeContent measures the largest blob without reading a strip
00:22 +180: /Users/jhangyu/project/Halcyon/test/services/image_pipeline/dng_embedded_jpeg_extractor_test.dart: Panasonic container (TIFF version word 85) AC4 — the two "no preview" states stay distinguishable declares no preview tag at all -> miss, malformed FALSE (routes to a real RAW decode)
00:22 +181: /Users/jhangyu/project/Halcyon/test/services/image_pipeline/dng_embedded_jpeg_extractor_test.dart: Panasonic container (TIFF version word 85) AC4 — the two "no preview" states stay distinguishable declares a preview whose every blob is unreadable -> malformed TRUE
00:22 +182: /Users/jhangyu/project/Halcyon/test/services/image_pipeline/dng_embedded_jpeg_extractor_test.dart: Panasonic container (TIFF version word 85) AC4 — the two "no preview" states stay distinguishable an intact but undersized blob is a deliberate miss, not damage
00:23 +183: /Users/jhangyu/project/Halcyon/test/services/image_pipeline/dng_embedded_jpeg_extractor_test.dart: Panasonic container (TIFF version word 85) bounds checking is not weakened blob offset points past EOF
00:23 +184: /Users/jhangyu/project/Halcyon/test/services/image_pipeline/dng_embedded_jpeg_extractor_test.dart: Panasonic container (TIFF version word 85) bounds checking is not weakened blob byte count runs off the end of the file
00:23 +185: /Users/jhangyu/project/Halcyon/test/services/image_pipeline/dng_embedded_jpeg_extractor_test.dart: Panasonic container (TIFF version word 85) bounds checking is not weakened blob is in range but carries no SOI -> declared and broken
00:23 +186: /Users/jhangyu/project/Halcyon/test/services/image_pipeline/dng_embedded_jpeg_extractor_test.dart: Panasonic container (TIFF version word 85) bounds checking is not weakened blob has an SOI but no reachable frame header -> dropped as unmeasurable, NOT reported as damage
00:23 +187: /Users/jhangyu/project/Halcyon/test/services/image_pipeline/dng_embedded_jpeg_extractor_test.dart: Panasonic container (TIFF version word 85) bounds checking is not weakened a header claiming version 85 whose IFD0 offset is past EOF walks to null, malformed FALSE (AD-022 third case)
00:23 +188: /Users/jhangyu/project/Halcyon/test/services/image_pipeline/dng_embedded_jpeg_extractor_test.dart: Panasonic container (TIFF version word 85) bounds checking is not weakened a self-referential IFD0 offset terminates
00:23 +189: /Users/jhangyu/project/Halcyon/test/services/image_pipeline/dng_embedded_jpeg_extractor_test.dart: Panasonic container (TIFF version word 85) bounds checking is not weakened a Panasonic-magic file truncated to the bare header does not throw
00:23 +190: loading /Users/jhangyu/project/Halcyon/test/services/image_pipeline/dart_image_loader_no_method_channel_test.dart
00:23 +190: /Users/jhangyu/project/Halcyon/test/services/image_pipeline/dart_image_loader_no_method_channel_test.dart: AC4: preview DNG produces bytes with ZERO channel-seam calls
00:24 +191: /Users/jhangyu/project/Halcyon/test/services/image_pipeline/dart_image_loader_no_method_channel_test.dart: AC5: with the channel throwing MissingPluginException, cheap AND no-preview DNGs still behave
00:24 +192: loading /Users/jhangyu/project/Halcyon/test/services/image_pipeline/dart_image_loader_test.dart
00:24 +192: /Users/jhangyu/project/Halcyon/test/services/image_pipeline/dart_image_loader_test.dart: AC3: NativeImageResult has exactly three variants and the D3 platform state is a failure CODE, not a fourth variant
00:24 +193: /Users/jhangyu/project/Halcyon/test/services/image_pipeline/dart_image_loader_test.dart: jpeg returns its exact bytes without decoding
00:24 +194: /Users/jhangyu/project/Halcyon/test/services/image_pipeline/dart_image_loader_test.dart: preview-bearing DNGs return exactly the extractor bytes
00:25 +195: /Users/jhangyu/project/Halcyon/test/services/image_pipeline/dart_image_loader_test.dart: no-preview DNGs yield NeedsRawDecode with the walked orientation
00:25 +196: /Users/jhangyu/project/Halcyon/test/services/image_pipeline/dart_image_loader_test.dart: sidebar purpose never returns the raw-decode signal
00:25 +197: /Users/jhangyu/project/Halcyon/test/services/image_pipeline/dart_image_loader_test.dart: missing file is a failure, not a throw
00:25 +198: /Users/jhangyu/project/Halcyon/test/services/image_pipeline/dart_image_loader_test.dart: browse-only RAW (.cr2): embedded preview is served, no-preview is an explicit unsupported state (never the raw-decode signal)
00:25 +199: /Users/jhangyu/project/Halcyon/test/services/image_pipeline/dart_image_loader_test.dart: engine-decodable non-DNG RAW (.arw): embedded preview is served, no-preview now routes to RAW decode
00:26 +200: /Users/jhangyu/project/Halcyon/test/services/image_pipeline/dart_image_loader_test.dart: the sidebar still never returns the raw-decode signal for an engine-decodable non-DNG RAW
00:26 +201: /Users/jhangyu/project/Halcyon/test/services/image_pipeline/dart_image_loader_test.dart: F-20: a header claiming a 40000x40000 decode is refused, never handed to a raw decode
00:26 +202: /Users/jhangyu/project/Halcyon/test/services/image_pipeline/dart_image_loader_test.dart: F-20: the guard does not fire on real, ordinary-sized samples
00:26 +203: /Users/jhangyu/project/Halcyon/test/services/image_pipeline/dart_image_loader_test.dart: G-2 undersized-candidate rule (a) preview on an undersized .dng enters RAW decode instead of returning the undersized bytes
00:26 +204: /Users/jhangyu/project/Halcyon/test/services/image_pipeline/dart_image_loader_test.dart: G-2 undersized-candidate rule (b) the sidebar stays lenient (P-11/P-13)
00:26 +205: /Users/jhangyu/project/Halcyon/test/services/image_pipeline/dart_image_loader_test.dart: G-2 undersized-candidate rule (b) the loader's export PURPOSE stays lenient (unreachable from the shipped export path — see F4 note above)
00:26 +206: /Users/jhangyu/project/Halcyon/test/services/image_pipeline/dart_image_loader_test.dart: G-2 undersized-candidate rule A-6: browse-only RAW (.cr2) stays lenient — the engine cannot decode it, so strictness would only delete an image the user can currently see
00:26 +207: /Users/jhangyu/project/Halcyon/test/services/image_pipeline/dart_image_loader_test.dart: G-2 undersized-candidate rule A-6 re-derived: an undersized candidate in an engine-decodable non-DNG RAW (.arw) now enters RAW decode, because the escape hatch is no longer .dng-gated
00:26 +208: /Users/jhangyu/project/Halcyon/test/services/image_pipeline/dart_image_loader_test.dart: G-2 undersized-candidate rule a DNG whose candidate DOES clear 2800 is unaffected on the preview path
00:27 +209: /Users/jhangyu/project/Halcyon/test/services/image_pipeline/dart_image_loader_test.dart: malformed-DNG parse-failure state (a) preview on a container whose every declared candidate is unreadable now REACHES the decoder instead of failing fast
00:27 +210: /Users/jhangyu/project/Halcyon/test/services/image_pipeline/dart_image_loader_test.dart: malformed-DNG parse-failure state (c) the sidebar branch is unchanged: still NO_THUMBNAIL
00:27 +211: /Users/jhangyu/project/Halcyon/test/services/image_pipeline/dart_image_loader_test.dart: malformed-DNG parse-failure state (b) a real preview-less DNG still yields NeedsRawDecode — the valid-miss path did not regress
00:27 +212: /Users/jhangyu/project/Halcyon/test/services/image_pipeline/dart_image_loader_test.dart: malformed-DNG parse-failure state a container that declares no preview at all is unchanged: NeedsRawDecode with declaredPreviewsUnreadable false
00:28 +213: /Users/jhangyu/project/Halcyon/test/services/image_pipeline/dart_image_loader_test.dart: malformed-DNG parse-failure state the G-2 undersized rejection is NOT malformed — an intact but small candidate keeps routing to RAW decode
00:28 +214: /Users/jhangyu/project/Halcyon/test/services/image_pipeline/dart_image_loader_test.dart: malformed-DNG parse-failure state probe: a corrupt container reports malformed, an intact one does not, and a non-TIFF file is not malformed either
00:29 +215: /Users/jhangyu/project/Halcyon/test/services/image_pipeline/dart_image_loader_test.dart: malformed-DNG parse-failure state AD-022 generalised: an engine-decodable non-DNG RAW whose every declared candidate is unreadable also reaches the decoder, carrying the finding
00:29 +216: /Users/jhangyu/project/Halcyon/test/services/image_pipeline/dart_image_loader_test.dart: malformed-DNG parse-failure state AD-022 NOT generalised to browse-only RAW: a corrupt .cr2 keeps the uniform unsupported state, because there is no decode to pre-empt
00:29 +217: /Users/jhangyu/project/Halcyon/test/services/image_pipeline/dart_image_loader_test.dart: malformed-DNG parse-failure state a non-TIFF engine-decodable RAW (.cr3/.raf/.x3f) is never reported as a parse failure; it reaches the decoder
00:30 +218: /Users/jhangyu/project/Halcyon/test/services/image_pipeline/dart_image_loader_test.dart: malformed-DNG parse-failure state extractEmbeddedJpeg keeps its contract on the same corrupt input (added API, not a migration)
00:30 +219: loading /Users/jhangyu/project/Halcyon/test/services/image_pipeline/exif_orientation_test.dart
00:30 +219: /Users/jhangyu/project/Halcyon/test/services/image_pipeline/exif_orientation_test.dart: TC-213 exifTransformFor maps all eight EXIF values
00:30 +220: /Users/jhangyu/project/Halcyon/test/services/image_pipeline/exif_orientation_test.dart: TC-213b an unrecognised orientation is identity, not a guess
00:30 +221: loading /Users/jhangyu/project/Halcyon/test/services/image_pipeline/photo_source_probe_test.dart
00:31 +221: /Users/jhangyu/project/Halcyon/test/services/image_pipeline/photo_source_probe_test.dart: PhotoSource.probeSource (cost gate) TC-072 content, not the extension, decides the rung: the SAME extension yields both answers
00:31 +222: /Users/jhangyu/project/Halcyon/test/services/image_pipeline/photo_source_probe_test.dart: PhotoSource.probeSource (cost gate) TC-073 every sample DNG is measured, and exactly the known preview-less ones are expensive
00:31 +223: /Users/jhangyu/project/Halcyon/test/services/image_pipeline/photo_source_probe_test.dart: PhotoSource.probeSource (cost gate) TC-074 the SAME file changes rung when the requested size changes
00:31 +224: /Users/jhangyu/project/Halcyon/test/services/image_pipeline/photo_source_probe_test.dart: PhotoSource.probeSource (cost gate) TC-075 probing costs at most 300KB of reads, and a JPEG costs 2 bytes
00:31 +225: /Users/jhangyu/project/Halcyon/test/services/image_pipeline/photo_source_probe_test.dart: PhotoSource.probeSource (cost gate) TC-076 an unmeasurable file is UNDETERMINED, not expensive
00:31 +226: loading /Users/jhangyu/project/Halcyon/test/services/image_pipeline/photo_source_single_probe_test.dart
00:31 +226: /Users/jhangyu/project/Halcyon/test/services/image_pipeline/photo_source_single_probe_test.dart: single-probe seam TC-090 the whole probe is ONE file open
00:31 +227: /Users/jhangyu/project/Halcyon/test/services/image_pipeline/photo_source_single_probe_test.dart: single-probe seam TC-091 the fused orientation equals the dedicated reader
00:31 +228: /Users/jhangyu/project/Halcyon/test/services/image_pipeline/photo_source_single_probe_test.dart: single-probe seam TC-092 the combined probe reads at most 300KB, and a JPEG still costs 2 bytes
00:31 +229: /Users/jhangyu/project/Halcyon/test/services/image_pipeline/photo_source_single_probe_test.dart: TC-094 emptying the caller list mid-load does not crash preloadImages
00:31 +230: /Users/jhangyu/project/Halcyon/test/services/image_pipeline/photo_source_single_probe_test.dart: TC-093 an expensive item reaches its RAW decode with ZERO loader calls
00:31 +231: loading /Users/jhangyu/project/Halcyon/test/services/image_pipeline/photo_payload_cache_test.dart
00:32 +231: /Users/jhangyu/project/Halcyon/test/services/image_pipeline/photo_payload_cache_test.dart: PhotoPayloadCache (D4: retention is type-blind) TC-060 eviction order is identical when the payload KINDS are swapped
00:32 +232: /Users/jhangyu/project/Halcyon/test/services/image_pipeline/photo_payload_cache_test.dart: PhotoPayloadCache (D4: retention is type-blind) TC-061 eviction is FIFO by insertion order -- reading an entry does not protect it
00:32 +233: /Users/jhangyu/project/Halcyon/test/services/image_pipeline/photo_payload_cache_test.dart: PhotoPayloadCache (D4: retention is type-blind) TC-062 peek does not count as a use
00:32 +234: /Users/jhangyu/project/Halcyon/test/services/image_pipeline/photo_payload_cache_test.dart: PhotoPayloadCache (D4: retention is type-blind) TC-063 a payload larger than the whole budget is still retained
00:32 +235: /Users/jhangyu/project/Halcyon/test/services/image_pipeline/photo_payload_cache_test.dart: PhotoPayloadCache (D4: retention is type-blind) TC-064 retainOnly drops exactly the ids outside the window and reports them
00:32 +236: /Users/jhangyu/project/Halcyon/test/services/image_pipeline/photo_payload_cache_test.dart: PhotoPayloadCache (D4: retention is type-blind) TC-065 the retention window is -3..+5, clamped at both ends
00:32 +237: /Users/jhangyu/project/Halcyon/test/services/image_pipeline/photo_payload_cache_test.dart: PhotoPayloadCache (D4: retention is type-blind) TC-219 retentionWindowIds honours explicit before/after
00:32 +238: /Users/jhangyu/project/Halcyon/test/services/image_pipeline/photo_payload_cache_test.dart: PhotoPayloadCache (D4: retention is type-blind) TC-220 retentionWindowIds defaults are still -3..+5
00:32 +239: loading /Users/jhangyu/project/Halcyon/test/services/image_pipeline/raw_pixels_image_test.dart
00:32 +239: /Users/jhangyu/project/Halcyon/test/services/image_pipeline/raw_pixels_image_test.dart: RawPixelsImage (I1: buffer identity IS the cache key) TC-066 equal CONTENT in a different buffer is a different key
00:32 +240: /Users/jhangyu/project/Halcyon/test/services/image_pipeline/raw_pixels_image_test.dart: RawPixelsImage (I1: buffer identity IS the cache key) TC-067 resolving the same buffer twice decodes once
00:32 +241: /Users/jhangyu/project/Halcyon/test/services/image_pipeline/raw_pixels_image_test.dart: RawPixelsImage (I1: buffer identity IS the cache key) TC-068 eviction disposes the cache's own image and touches nothing the pipeline owns
00:32 +242: loading /Users/jhangyu/project/Halcyon/test/services/image_pipeline/image_preload_window_test.dart
00:32 +242: /Users/jhangyu/project/Halcyon/test/services/image_pipeline/image_preload_window_test.dart: TC-095 every slot of the -3..+5 retention window holds a tier-1 entry (AC2)
00:33 +243: /Users/jhangyu/project/Halcyon/test/services/image_pipeline/image_preload_window_test.dart: TC-096 an item at -3 and one at +5 keep their tier-1 entries while in-window, and lose them on leaving (AC2 killer)
00:33 +244: /Users/jhangyu/project/Halcyon/test/services/image_pipeline/image_preload_window_test.dart: TC-097 tier-2 full-size entries cover -2..+2 after the debounce settles (AC3)
00:33 +245: /Users/jhangyu/project/Halcyon/test/services/image_pipeline/image_preload_window_test.dart: TC-098a an all-expensive folder fills the WHOLE -3..+5 payload window, not just +/-1 (criterion 2)
00:33 +246: /Users/jhangyu/project/Halcyon/test/services/image_pipeline/image_preload_window_test.dart: TC-098b at most ONE expensive decode is ever in flight, while cheap window loads still issue in parallel (criterion 3)
00:33 +247: /Users/jhangyu/project/Halcyon/test/services/image_pipeline/image_preload_window_test.dart: TC-098c fresh settle decode START order is 0, +1, -1, +2, -2, +3, -3, +4, +5 (criterion 4)
00:33 +248: /Users/jhangyu/project/Halcyon/test/services/image_pipeline/image_preload_window_test.dart: TC-098d navigating mid-queue reprioritises the lane: no decode starts outside the new window, and the next one is its nearest missing item (criterion 5)
00:33 +249: /Users/jhangyu/project/Halcyon/test/services/image_pipeline/image_preload_window_test.dart: TC-099 widening tier-1 creates no payloads of its own
00:34 +250: /Users/jhangyu/project/Halcyon/test/services/image_pipeline/image_preload_window_test.dart: TC-100 the two budget constants are pinned as raw byte counts
00:34 +251: loading /Users/jhangyu/project/Halcyon/test/services/image_pipeline/cache_budget_test.dart
00:35 +251: /Users/jhangyu/project/Halcyon/test/services/image_pipeline/cache_budget_test.dart: budget derivation: floor 256MiB, ceiling 768MiB, quarter of physical
00:35 +252: loading /Users/jhangyu/project/Halcyon/test/services/image_pipeline/raw_coverage_wiring_test.dart
00:35 +252: /Users/jhangyu/project/Halcyon/test/services/image_pipeline/raw_coverage_wiring_test.dart: D2: a browse-only RAW (.cr2) that has no embedded preview stays a preview-only permanent miss -- it never reaches the full decoder
00:35 +253: /Users/jhangyu/project/Halcyon/test/services/image_pipeline/raw_coverage_wiring_test.dart: AC3: NativeImageResult has exactly three variants, proven by an exhaustive switch with no default case (a fourth variant fails to compile here, not just at runtime)
00:35 +254: /Users/jhangyu/project/Halcyon/test/services/image_pipeline/raw_coverage_wiring_test.dart: a DngFullDecoder/DngSizedDecoder fake wired through the controller reaches an engine-decodable non-DNG RAW when the loader signals NeedsRawDecode -- proves the full-size path is format-agnostic once the loader routes correctly (photo_source.dart already dispatches NativeImageNeedsRawDecode to dngDecoder regardless of extension; the remaining gate lives in dart_image_loader.dart, owned by T2)
00:35 +255: /Users/jhangyu/project/Halcyon/test/services/image_pipeline/raw_coverage_wiring_test.dart: AC5 D3: an engine-decodable RAW with no configured native decoder (a platform with no native library) is a permanent miss carrying the D3 no-native-decoder code -- distinct from a decoder that exists but throws
00:35 +256: /Users/jhangyu/project/Halcyon/test/services/image_pipeline/raw_coverage_wiring_test.dart: AC5 D3 negative: a THROWING decoder (decoder exists but failed) is a permanent miss WITHOUT the D3 no-native-decoder code -- not conflated with the no-decoder-on-this-platform state
00:35 +257: /Users/jhangyu/project/Halcyon/test/services/image_pipeline/raw_coverage_wiring_test.dart: PhotoSource.load: decoder == null carries kNoNativeDecoderCode directly on SourceOutcome.failureCode (unit-level proof, below the controller seam)
00:35 +258: /Users/jhangyu/project/Halcyon/test/services/image_pipeline/raw_coverage_wiring_test.dart: PhotoSource.load: every other outcome (bytes, throwing decoder, NativeImageFailure) carries a null failureCode -- the field must not leak into unrelated paths
00:35 +259: /Users/jhangyu/project/Halcyon/test/services/image_pipeline/raw_coverage_wiring_test.dart: D2 sidebar fix: a browse-only RAW (.cr2) never invokes the sized sidebar decoder, even though isRawPath(".cr2") is true -- the gate must be isDecodablePath, not isRawPath
00:36 +260: loading /Users/jhangyu/project/Halcyon/test/services/image_pipeline/sidebar_thumbnail_codec_test.dart
00:36 +260: /Users/jhangyu/project/Halcyon/test/services/image_pipeline/sidebar_thumbnail_codec_test.dart: small payloads pass through untouched (identity, same object)
00:36 +261: /Users/jhangyu/project/Halcyon/test/services/image_pipeline/sidebar_thumbnail_codec_test.dart: TC-172 a payload at exactly reencodeThreshold passes through byte-identical
00:36 +262: /Users/jhangyu/project/Halcyon/test/services/image_pipeline/sidebar_thumbnail_codec_test.dart: TC-173 oversized payloads are re-encoded as JPEG, long edge capped at 200
00:36 +263: /Users/jhangyu/project/Halcyon/test/services/image_pipeline/sidebar_thumbnail_codec_test.dart: TC-174 undecodable oversized input falls back to the original bytes
00:36 +264: /Users/jhangyu/project/Halcyon/test/services/image_pipeline/sidebar_thumbnail_codec_test.dart: TC-175 jpegFromOrientedPixels bakes EXIF orientation 6 (90 CW) into a decodable JPEG
00:36 +265: /Users/jhangyu/project/Halcyon/test/services/image_pipeline/sidebar_thumbnail_codec_test.dart: TC-176 jpegQuality is tunable and changes the encoded size
00:36 +266: /Users/jhangyu/project/Halcyon/test/services/image_pipeline/sidebar_thumbnail_codec_test.dart: TC-217 sidebarCacheBytes still returns decodable JPEG
00:36 +267: loading /Users/jhangyu/project/Halcyon/test/services/image_pipeline/tier_two_registry_test.dart
00:37 +267: /Users/jhangyu/project/Halcyon/test/services/image_pipeline/tier_two_registry_test.dart: TC-231 isReady is false when nothing has been registered
00:37 +268: /Users/jhangyu/project/Halcyon/test/services/image_pipeline/tier_two_registry_test.dart: TC-232 isReady is false while the entry is PENDING, not just missing
00:37 +269: /Users/jhangyu/project/Halcyon/test/services/image_pipeline/tier_two_registry_test.dart: TC-233 isReady is true once the decode listener has fired
00:37 +270: /Users/jhangyu/project/Halcyon/test/services/image_pipeline/tier_two_registry_test.dart: TC-234 isReady goes false when the payload object is replaced
00:37 +271: /Users/jhangyu/project/Halcyon/test/services/image_pipeline/tier_two_registry_test.dart: TC-235 isReady goes false when the ImageCache entry is evicted underneath
00:37 +272: /Users/jhangyu/project/Halcyon/test/services/image_pipeline/tier_two_registry_test.dart: TC-236 hasFullResEntryFor is true BEFORE the ready flag fires (AC-M5-4)
00:37 +273: /Users/jhangyu/project/Halcyon/test/services/image_pipeline/tier_two_registry_test.dart: TC-237 the full-res failure memo is per payload object, not per id
00:37 +274: /Users/jhangyu/project/Halcyon/test/services/image_pipeline/tier_two_registry_test.dart: TC-238 evict drops one id and clear drops every id
00:37 +275: loading /Users/jhangyu/project/Halcyon/test/services/image_pipeline/image_preload_controller_sequential_decode_retention_test.dart
00:37 +275: /Users/jhangyu/project/Halcyon/test/services/image_pipeline/image_preload_controller_sequential_decode_retention_test.dart: TC-086 expensive post-debounce RAW execution is sequential
00:38 +276: /Users/jhangyu/project/Halcyon/test/services/image_pipeline/image_preload_controller_sequential_decode_retention_test.dart: TC-088 cheap and expensive payloads retain identically at -3 and evict identically at -4
00:38 +277: /Users/jhangyu/project/Halcyon/test/services/image_pipeline/image_preload_controller_sequential_decode_retention_test.dart: TC-089 cheap full retention-window source loads overlap
00:38 +278: loading /Users/jhangyu/project/Halcyon/test/services/image_pipeline/image_preload_controller_test.dart
00:38 +278: /Users/jhangyu/project/Halcyon/test/services/image_pipeline/image_preload_controller_test.dart: TC-218 a thumbnail load in flight does not mark the id as loading
00:38 +279: /Users/jhangyu/project/Halcyon/test/services/image_pipeline/image_preload_controller_test.dart: preloadImages evicts preview cache entries outside the sliding window
00:38 +280: /Users/jhangyu/project/Halcyon/test/services/image_pipeline/image_preload_controller_test.dart: preloadImages loads the selected item first, then the rest of the window concurrently
00:38 +281: /Users/jhangyu/project/Halcyon/test/services/image_pipeline/image_preload_controller_test.dart: selecting an in-flight item still fires notify once its load completes (R3: no permanent spinner strand)
00:38 +282: /Users/jhangyu/project/Halcyon/test/services/image_pipeline/image_preload_controller_test.dart: tierOneProviderFor produces an identical ImageCache key for the same bytes object identity and same width/height (AC2: display and precache must share one cache entry, not silently double-decode)
00:38 +283: /Users/jhangyu/project/Halcyon/test/services/image_pipeline/image_preload_controller_test.dart: precache-then-display resolves as an ImageCache hit (AC2 integration: no second decode once the tier-1 entry is warm)
00:39 +284: /Users/jhangyu/project/Halcyon/test/services/image_pipeline/image_preload_controller_test.dart: tier-2 full-size decode does not start until the navigation debounce elapses (AC3a)
00:39 +285: /Users/jhangyu/project/Halcyon/test/services/image_pipeline/image_preload_controller_test.dart: tier-2 never queues an item that scrolled out of the window during continuous navigation (AC3b)
00:39 +286: /Users/jhangyu/project/Halcyon/test/services/image_pipeline/image_preload_controller_test.dart: tier-1 and tier-2 caches coexist: evicting a tier-2 entry does not evict the tier-1 entry for the same item (AC3c)
00:40 +287: /Users/jhangyu/project/Halcyon/test/services/image_pipeline/image_preload_controller_test.dart: isFullSizeReady does not report stale readiness after an item leaves and re-enters the bytes window with a new bytes object (round-2 review BLOCKER 1)
00:41 +288: /Users/jhangyu/project/Halcyon/test/services/image_pipeline/image_preload_controller_test.dart: isFullSizeReady stays false while the tier-2 decode is still PENDING, not just when it is missing (round-2 review BLOCKER 3)
00:41 +289: /Users/jhangyu/project/Halcyon/test/services/image_pipeline/image_preload_controller_test.dart: raw-decode path TC-077 an expensive item is sourced ONCE and its payload serves both tiers
00:42 +290: /Users/jhangyu/project/Halcyon/test/services/image_pipeline/image_preload_controller_test.dart: raw-decode path TC-078 an expensive payload survives leaving the +/-1 STARTUP window and is dropped only on leaving the -3..+5 RETENTION window
00:43 +291: /Users/jhangyu/project/Halcyon/test/services/image_pipeline/image_preload_controller_test.dart: raw-decode path TC-079 leaving the tier-2 window evicts the ImageCache entry while the payload stays retained
00:43 +292: /Users/jhangyu/project/Halcyon/test/services/image_pipeline/image_preload_controller_test.dart: raw-decode path TC-080 dispose() with a source still in flight destroys nothing and leaks no handle
00:44 +293: /Users/jhangyu/project/Halcyon/test/services/image_pipeline/image_preload_controller_test.dart: raw-decode path TC-081 reset() drops every payload and every ImageCache entry
00:44 +294: /Users/jhangyu/project/Halcyon/test/services/image_pipeline/image_preload_controller_test.dart: raw-decode path TC-082 an expensive item is requested from the native loader exactly ONCE across repeated in-window passes
00:44 +295: /Users/jhangyu/project/Halcyon/test/services/image_pipeline/image_preload_controller_test.dart: raw-decode path TC-083 retained cost stays bounded by the window across a long sweep
00:44 +296: /Users/jhangyu/project/Halcyon/test/services/image_pipeline/image_preload_controller_test.dart: raw-decode path TC-084 a source that lands AFTER its item left the window cannot resurrect a retained entry
00:45 +297: /Users/jhangyu/project/Halcyon/test/services/image_pipeline/image_preload_controller_test.dart: raw-decode path TC-085 decoder throws marks a permanent miss immediately (no legacy channel left to fall back to, M6 U-12) and never asks again
00:46 +298: /Users/jhangyu/project/Halcyon/test/services/image_pipeline/image_preload_controller_test.dart: raw-decode path NO DECODER: an immediate permanent miss, not a spinner
00:46 +299: /Users/jhangyu/project/Halcyon/test/services/image_pipeline/image_preload_controller_test.dart: raw-decode path THROWING DECODER: an immediate permanent miss, not a spinner
00:46 +300: /Users/jhangyu/project/Halcyon/test/services/image_pipeline/image_preload_controller_test.dart: raw-decode path an ordinary (bytes) item is untouched by the raw-decode path
00:46 +301: loading /Users/jhangyu/project/Halcyon/test/services/image_pipeline/dng_decoder_smoke_test.dart
00:46 +301: /Users/jhangyu/project/Halcyon/test/services/image_pipeline/dng_decoder_smoke_test.dart: decodeDngFull decodes the vivo sample at full resolution
Shell: [DngNativeBindings] loaded: /Users/jhangyu/project/ceyx/plugin/macos/Libraries/libdng_decoder_native.dylib
Shell: [Pipeline] GPU backend: metal (available=yes)
00:47 +302: loading /Users/jhangyu/project/Halcyon/test/services/image_pipeline/dng_embedded_jpeg_extractor_buffer_copy_semantics_test.dart
00:47 +302: /Users/jhangyu/project/Halcyon/test/services/image_pipeline/dng_embedded_jpeg_extractor_buffer_copy_semantics_test.dart: AC-B1: extractFullSizeEmbeddedJpeg result is unaffected by mutating the source buffer after the call
00:47 +303: loading /Users/jhangyu/project/Halcyon/test/services/image_pipeline/decoded_rgba_image_provider_test.dart
00:47 +303: /Users/jhangyu/project/Halcyon/test/services/image_pipeline/decoded_rgba_image_provider_test.dart: decodedRgbaToImage orientation (AC B3) orientation 1 maps every pixel correctly
00:47 +304: /Users/jhangyu/project/Halcyon/test/services/image_pipeline/decoded_rgba_image_provider_test.dart: decodedRgbaToImage orientation (AC B3) orientation 2 maps every pixel correctly
00:47 +305: /Users/jhangyu/project/Halcyon/test/services/image_pipeline/decoded_rgba_image_provider_test.dart: decodedRgbaToImage orientation (AC B3) orientation 3 maps every pixel correctly
00:47 +306: /Users/jhangyu/project/Halcyon/test/services/image_pipeline/decoded_rgba_image_provider_test.dart: decodedRgbaToImage orientation (AC B3) orientation 4 maps every pixel correctly
00:47 +307: /Users/jhangyu/project/Halcyon/test/services/image_pipeline/decoded_rgba_image_provider_test.dart: decodedRgbaToImage orientation (AC B3) orientation 5 maps every pixel correctly
00:47 +308: /Users/jhangyu/project/Halcyon/test/services/image_pipeline/decoded_rgba_image_provider_test.dart: decodedRgbaToImage orientation (AC B3) orientation 6 maps every pixel correctly
00:47 +309: /Users/jhangyu/project/Halcyon/test/services/image_pipeline/decoded_rgba_image_provider_test.dart: decodedRgbaToImage orientation (AC B3) orientation 7 maps every pixel correctly
00:47 +310: /Users/jhangyu/project/Halcyon/test/services/image_pipeline/decoded_rgba_image_provider_test.dart: decodedRgbaToImage orientation (AC B3) orientation 8 maps every pixel correctly
00:47 +311: /Users/jhangyu/project/Halcyon/test/services/image_pipeline/decoded_rgba_image_provider_test.dart: decodedRgbaToImage orientation (AC B3) an unrecognised orientation degrades to no transform
00:47 +312: /Users/jhangyu/project/Halcyon/test/services/image_pipeline/decoded_rgba_image_provider_test.dart: decodedRgbaToImage orientation (AC B3) a buffer that disagrees with the dimensions is rejected
00:47 +313: /Users/jhangyu/project/Halcyon/test/services/image_pipeline/decoded_rgba_image_provider_test.dart: applyExifOrientation caller-owns contract returns src ITSELF for orientation 1, with no copy
00:47 +314: /Users/jhangyu/project/Halcyon/test/services/image_pipeline/decoded_rgba_image_provider_test.dart: applyExifOrientation caller-owns contract never disposes src, for either the identity or a real transform
00:47 +315: /Users/jhangyu/project/Halcyon/test/services/image_pipeline/decoded_rgba_image_provider_test.dart: decodedRgbaToPixelPayload (M3 step 3) TC-069 orientation 1 survives the window downscale
00:47 +316: /Users/jhangyu/project/Halcyon/test/services/image_pipeline/decoded_rgba_image_provider_test.dart: decodedRgbaToPixelPayload (M3 step 3) TC-069 orientation 2 survives the window downscale
00:47 +317: /Users/jhangyu/project/Halcyon/test/services/image_pipeline/decoded_rgba_image_provider_test.dart: decodedRgbaToPixelPayload (M3 step 3) TC-069 orientation 3 survives the window downscale
00:47 +318: /Users/jhangyu/project/Halcyon/test/services/image_pipeline/decoded_rgba_image_provider_test.dart: decodedRgbaToPixelPayload (M3 step 3) TC-069 orientation 4 survives the window downscale
00:47 +319: /Users/jhangyu/project/Halcyon/test/services/image_pipeline/decoded_rgba_image_provider_test.dart: decodedRgbaToPixelPayload (M3 step 3) TC-069 orientation 5 survives the window downscale
00:47 +320: /Users/jhangyu/project/Halcyon/test/services/image_pipeline/decoded_rgba_image_provider_test.dart: decodedRgbaToPixelPayload (M3 step 3) TC-069 orientation 6 survives the window downscale
00:47 +321: /Users/jhangyu/project/Halcyon/test/services/image_pipeline/decoded_rgba_image_provider_test.dart: decodedRgbaToPixelPayload (M3 step 3) TC-069 orientation 7 survives the window downscale
00:47 +322: /Users/jhangyu/project/Halcyon/test/services/image_pipeline/decoded_rgba_image_provider_test.dart: decodedRgbaToPixelPayload (M3 step 3) TC-069 orientation 8 survives the window downscale
00:47 +323: /Users/jhangyu/project/Halcyon/test/services/image_pipeline/decoded_rgba_image_provider_test.dart: decodedRgbaToPixelPayload (M3 step 3) TC-070 a frame already smaller than the window is NOT upscaled
00:47 +324: /Users/jhangyu/project/Halcyon/test/services/image_pipeline/decoded_rgba_image_provider_test.dart: decodedRgbaToPixelPayload (M3 step 3) TC-071 the retained buffer is the DOWNSCALED size, not the decoded size
00:47 +325: loading /Users/jhangyu/project/Halcyon/test/services/image_pipeline/image_preload_controller_probe_first_navigation_test.dart
00:48 +325: /Users/jhangyu/project/Halcyon/test/services/image_pipeline/image_preload_controller_probe_first_navigation_test.dart: P1 translated: cheap DNG has tier-1 entries at arrival; expensive cold arrival fills the same window, one decode at a time
00:48 +326: /Users/jhangyu/project/Halcyon/test/services/image_pipeline/image_preload_controller_probe_first_navigation_test.dart: TC-088 probe-first expensive item: selected distance 0 has ZERO loader calls before debounce
00:48 +327: /Users/jhangyu/project/Halcyon/test/services/image_pipeline/image_preload_controller_probe_first_navigation_test.dart: TC-088 probe-first expensive item: plus-one distance 1 has ZERO loader calls before debounce
00:48 +328: /Users/jhangyu/project/Halcyon/test/services/image_pipeline/image_preload_controller_probe_first_navigation_test.dart: TC-088 probe-first expensive item: outer retention distance 3 has ZERO loader calls before debounce
00:48 +329: /Users/jhangyu/project/Halcyon/test/services/image_pipeline/image_preload_controller_probe_first_navigation_test.dart: P2 translated: navigation bursts never exceed one expensive decode in flight and never decode out-of-window items, while cheap DNGs/JPEGs prefetch during the same burst
00:50 +330: /Users/jhangyu/project/Halcyon/test/services/image_pipeline/image_preload_controller_probe_first_navigation_test.dart: P3 translated: one-step expensive round trip decodes once and retains the PixelPayload
00:50 +331: /Users/jhangyu/project/Halcyon/test/services/image_pipeline/image_preload_controller_probe_first_navigation_test.dart: P4 translated: two-step expensive excursion decodes once and retains the payload; JPEG bytes still survive identically
00:55 +332: loading /Users/jhangyu/project/Halcyon/test/services/image_pipeline/image_preload_controller_permanent_miss_test.dart
00:55 +332: /Users/jhangyu/project/Halcyon/test/services/image_pipeline/image_preload_controller_permanent_miss_test.dart: M4-AC1 a permanently failing sidebar thumbnail is requested EXACTLY ONCE across three preloadThumbnails sweeps
00:56 +333: /Users/jhangyu/project/Halcyon/test/services/image_pipeline/image_preload_controller_permanent_miss_test.dart: M4-AC1b a failed sidebar thumbnail must not poison the PREVIEW state of a file whose own name happens to be "thumb_" + another file's name
00:56 +334: /Users/jhangyu/project/Halcyon/test/services/image_pipeline/image_preload_controller_permanent_miss_test.dart: M6-PL1 a throwing sidebar thumbnail loader must not abort the sweep, must release the in-flight key, and must record a permanent miss like a non-bytes result
00:57 +335: /Users/jhangyu/project/Halcyon/test/services/image_pipeline/image_preload_controller_permanent_miss_test.dart: M4-AC2 a stale preloadImages resume must not reschedule tier-2 for the window it started with (invariant I4)
00:58 +336: /Users/jhangyu/project/Halcyon/test/services/image_pipeline/image_preload_controller_permanent_miss_test.dart: M6-PL7 the SECOND generation guard (after the window await, :406) must discard a stale resume too, not only the priority-load guard (:381)
00:59 +337: /Users/jhangyu/project/Halcyon/test/services/image_pipeline/image_preload_controller_permanent_miss_test.dart: M4-AC3 step-3b failure inside PhotoSource.load reports a NON-deferred null payload -- the signal the caller turns into a permanent miss
00:59 +338: /Users/jhangyu/project/Halcyon/test/services/image_pipeline/image_preload_controller_permanent_miss_test.dart: M4-AC3 the step-3b failure path marks a permanent miss and RELEASES the view from its spinner (invariant T1)
00:59 +339: loading /Users/jhangyu/project/Halcyon/test/services/image_pipeline/image_preload_controller_dual_window_tier2_test.dart
00:59 +339: /Users/jhangyu/project/Halcyon/test/services/image_pipeline/image_preload_controller_dual_window_tier2_test.dart: M5-DW1 tier-2 keys equal the +/-2 band after settle, for encoded and pixel payloads alike
01:03 +340: /Users/jhangyu/project/Halcyon/test/services/image_pipeline/image_preload_controller_dual_window_tier2_test.dart: M5-DW2 a pixel-backed item at distance 0 gets a FULL-resolution tier-2 entry distinct from its window-resolution tier-1 entry
01:03 +341: /Users/jhangyu/project/Halcyon/test/services/image_pipeline/image_preload_controller_dual_window_tier2_test.dart: M5-DW3 payload production and full-res tier-2 for a RAW item inside +/-1 cost exactly ONE decoder call
01:03 +342: /Users/jhangyu/project/Halcyon/test/services/image_pipeline/image_preload_controller_dual_window_tier2_test.dart: M5-DW4 leaving +/-2 evicts the full-res entry; re-entering re-upgrades with exactly one extra decoder call and an identical retained payload
01:04 +343: /Users/jhangyu/project/Halcyon/test/services/image_pipeline/image_preload_controller_dual_window_tier2_test.dart: M5-DW5 a failing full-res decode keeps tier-1 display, writes NO permanent miss, and is not retried for the same payload
01:06 +344: /Users/jhangyu/project/Halcyon/test/services/image_pipeline/image_preload_controller_dual_window_tier2_test.dart: M5-DW6 a full-res upgrade adds ZERO bytes to the payload cache
01:06 +345: loading /Users/jhangyu/project/Halcyon/test/services/image_pipeline/dng_embedded_jpeg_extractor_endian_test.dart
01:06 +345: /Users/jhangyu/project/Halcyon/test/services/image_pipeline/dng_embedded_jpeg_extractor_endian_test.dart: synthetic_dng helper is deterministic: identical arguments give identical bytes
01:07 +346: /Users/jhangyu/project/Halcyon/test/services/image_pipeline/dng_embedded_jpeg_extractor_endian_test.dart: synthetic_dng helper writes the requested byte-order marker
01:07 +347: /Users/jhangyu/project/Halcyon/test/services/image_pipeline/dng_embedded_jpeg_extractor_endian_test.dart: synthetic_dng helper the II build is readable at all (differential sanity floor)
01:07 +348: /Users/jhangyu/project/Halcyon/test/services/image_pipeline/dng_embedded_jpeg_extractor_endian_test.dart: MM equals II selected dims at longEdge: 200
01:07 +349: /Users/jhangyu/project/Halcyon/test/services/image_pipeline/dng_embedded_jpeg_extractor_endian_test.dart: MM equals II selected dims at longEdge: null
01:07 +350: /Users/jhangyu/project/Halcyon/test/services/image_pipeline/dng_embedded_jpeg_extractor_endian_test.dart: MM equals II extracted bytes are byte-identical
01:08 +351: /Users/jhangyu/project/Halcyon/test/services/image_pipeline/dng_embedded_jpeg_extractor_endian_test.dart: MM equals II orientation matches
01:08 +352: /Users/jhangyu/project/Halcyon/test/services/image_pipeline/dng_embedded_jpeg_extractor_endian_test.dart: corruptOffsets stays walkable but yields no extractable candidate
01:08 +353: loading /Users/jhangyu/project/Halcyon/test/services/image_pipeline/photo_source_test.dart
01:09 +353: /Users/jhangyu/project/Halcyon/test/services/image_pipeline/photo_source_test.dart: sample directory has both required fixtures
01:09 +354: /Users/jhangyu/project/Halcyon/test/services/image_pipeline/photo_source_test.dart: a .dng that fails the native preview channel recovers the embedded JPEG through the controller, byte-identical to the extractor
01:09 +355: /Users/jhangyu/project/Halcyon/test/services/image_pipeline/photo_source_test.dart: a .dng with no embedded preview still falls through to hasFailed, not a crash, when the native preview channel fails
01:09 +356: /Users/jhangyu/project/Halcyon/test/services/image_pipeline/photo_source_test.dart: a real DNG saved under a .jpg extension is recovered through the seam once the native preview channel fails (F-08: the walker keys on magic, not extension)
01:09 +357: /Users/jhangyu/project/Halcyon/test/services/image_pipeline/photo_source_test.dart: non-TIFF garbage saved under a .jpg extension is still a permanent miss when the native preview channel fails (proves the magic check, not the extension, is what discriminates)
01:09 +358: /Users/jhangyu/project/Halcyon/test/services/image_pipeline/photo_source_test.dart: fallbackAfterNativeFailure recovers a non-DNG RAW with an embedded preview (extension gate removed)
01:09 +359: /Users/jhangyu/project/Halcyon/test/services/image_pipeline/photo_source_test.dart: AD-022 after the pre-empt override: the two no-preview states stay distinguishable once the decode outcome is known previews declared but unreadable AND the decode also failed surfaces the broken-file code
01:09 +360: /Users/jhangyu/project/Halcyon/test/services/image_pipeline/photo_source_test.dart: AD-022 after the pre-empt override: the two no-preview states stay distinguishable once the decode outcome is known no preview declared and the decode failed stays the uniform miss, NOT the broken-file code
01:09 +361: /Users/jhangyu/project/Halcyon/test/services/image_pipeline/photo_source_test.dart: AD-022 after the pre-empt override: the two no-preview states stay distinguishable once the decode outcome is known the two codes actually differ — the states are not collapsed
01:09 +362: /Users/jhangyu/project/Halcyon/test/services/image_pipeline/photo_source_test.dart: AD-022 after the pre-empt override: the two no-preview states stay distinguishable once the decode outcome is known a container with unreadable previews whose decode SUCCEEDS is not reported broken at all — the point of the override
01:09 +363: /Users/jhangyu/project/Halcyon/test/services/image_pipeline/photo_source_test.dart: AD-022 after the pre-empt override: the two no-preview states stay distinguishable once the decode outcome is known the broken-file code is NOT the D3 no-native-decoder state
01:09 +364: loading /Users/jhangyu/project/Halcyon/test/services/image_pipeline/dng_embedded_jpeg_extractor_long_edge_selection_test.dart
01:09 +364: /Users/jhangyu/project/Halcyon/test/services/image_pipeline/dng_embedded_jpeg_extractor_long_edge_selection_test.dart: AC2: smallest candidate >= longEdge 200 is the 256x171 preview
01:09 +365: /Users/jhangyu/project/Halcyon/test/services/image_pipeline/dng_embedded_jpeg_extractor_long_edge_selection_test.dart: AC3: longEdge 2800 is byte-identical to today's full-size extraction 2026-02-15-19-37-38.dng
01:09 +366: /Users/jhangyu/project/Halcyon/test/services/image_pipeline/dng_embedded_jpeg_extractor_long_edge_selection_test.dart: AC3: longEdge 2800 is byte-identical to today's full-size extraction 2026-02-15-20-53-24.dng
01:09 +367: /Users/jhangyu/project/Halcyon/test/services/image_pipeline/dng_embedded_jpeg_extractor_long_edge_selection_test.dart: AC3: longEdge 2800 is byte-identical to today's full-size extraction 2026-02-15-20-53-31.dng
01:09 +368: /Users/jhangyu/project/Halcyon/test/services/image_pipeline/dng_embedded_jpeg_extractor_long_edge_selection_test.dart: AC3: longEdge 2800 is byte-identical to today's full-size extraction 2026-02-15-20-57-15.dng
01:09 +369: /Users/jhangyu/project/Halcyon/test/services/image_pipeline/dng_embedded_jpeg_extractor_long_edge_selection_test.dart: AC3: longEdge 2800 is byte-identical to today's full-size extraction 2026-02-15-20-57-23-2.dng
01:09 +370: /Users/jhangyu/project/Halcyon/test/services/image_pipeline/dng_embedded_jpeg_extractor_long_edge_selection_test.dart: AC3: longEdge 2800 is byte-identical to today's full-size extraction 2026-02-15-20-57-23.dng
01:09 +371: /Users/jhangyu/project/Halcyon/test/services/image_pipeline/dng_embedded_jpeg_extractor_long_edge_selection_test.dart: AC3: longEdge 2800 is byte-identical to today's full-size extraction 2026-02-15-20-57-26.dng
01:09 +372: /Users/jhangyu/project/Halcyon/test/services/image_pipeline/dng_embedded_jpeg_extractor_long_edge_selection_test.dart: AC3: longEdge 2800 is byte-identical to today's full-size extraction 2026-02-15-20-57-28.dng
01:09 +373: /Users/jhangyu/project/Halcyon/test/services/image_pipeline/dng_embedded_jpeg_extractor_long_edge_selection_test.dart: AC3: longEdge 2800 is byte-identical to today's full-size extraction 2026-02-15-21-53-33.dng
01:09 +374: /Users/jhangyu/project/Halcyon/test/services/image_pipeline/dng_embedded_jpeg_extractor_long_edge_selection_test.dart: AC3: longEdge 2800 is byte-identical to today's full-size extraction 2026-02-15-21-53-41.dng
01:09 +375: /Users/jhangyu/project/Halcyon/test/services/image_pipeline/dng_embedded_jpeg_extractor_long_edge_selection_test.dart: AC3: longEdge 2800 is byte-identical to today's full-size extraction 2026-02-15-21-53-42.dng
01:09 +376: /Users/jhangyu/project/Halcyon/test/services/image_pipeline/dng_embedded_jpeg_extractor_long_edge_selection_test.dart: AC3: longEdge 2800 is byte-identical to today's full-size extraction 2026-02-15-21-53-43.dng
01:09 +377: /Users/jhangyu/project/Halcyon/test/services/image_pipeline/dng_embedded_jpeg_extractor_long_edge_selection_test.dart: AC3: longEdge 2800 is byte-identical to today's full-size extraction 2026-08-07-17-52-54.dng
01:09 +378: /Users/jhangyu/project/Halcyon/test/services/image_pipeline/dng_embedded_jpeg_extractor_long_edge_selection_test.dart: AC4: byte-range read budget stays bounded across every .dng sample
01:09 +379: /Users/jhangyu/project/Halcyon/test/services/image_pipeline/dng_embedded_jpeg_extractor_long_edge_selection_test.dart: AC5: sole 6000x4000 candidate is selected, orientation 6, APP1 injected
01:09 +380: /Users/jhangyu/project/Halcyon/test/services/image_pipeline/dng_embedded_jpeg_extractor_long_edge_selection_test.dart: AC6: no-candidate/missing/non-DNG inputs return null, never throw DNG with no qualifying candidate returns null
01:09 +381: /Users/jhangyu/project/Halcyon/test/services/image_pipeline/dng_embedded_jpeg_extractor_long_edge_selection_test.dart: AC6: no-candidate/missing/non-DNG inputs return null, never throw nonexistent path returns null
01:09 +382: /Users/jhangyu/project/Halcyon/test/services/image_pipeline/dng_embedded_jpeg_extractor_long_edge_selection_test.dart: AC6: no-candidate/missing/non-DNG inputs return null, never throw plain-JPEG file (not a DNG/TIFF container) returns null
01:09 +383: /Users/jhangyu/project/Halcyon/test/services/image_pipeline/dng_embedded_jpeg_extractor_long_edge_selection_test.dart: AC11a: readOrientation reads IFD0 tag 0x0112 via the bounded walk (discriminating case)
01:09 +384: /Users/jhangyu/project/Halcyon/test/services/image_pipeline/dng_embedded_jpeg_extractor_long_edge_selection_test.dart: AC11b: readOrientation on a no-preview DNG stays under the disk-read budget
01:09 +385: /Users/jhangyu/project/Halcyon/test/services/image_pipeline/dng_embedded_jpeg_extractor_long_edge_selection_test.dart: AC12a: readOrientation on a nonexistent path returns null, never throws
01:09 +386: /Users/jhangyu/project/Halcyon/test/services/image_pipeline/dng_embedded_jpeg_extractor_long_edge_selection_test.dart: AC12b: a file that parses but carries no 0x0112 tag returns 1
01:09 +387: /Users/jhangyu/project/Halcyon/test/services/image_pipeline/dng_embedded_jpeg_extractor_long_edge_selection_test.dart: AC12c: non-TIFF/garbage input returns null, never throws
01:09 +388: /Users/jhangyu/project/Halcyon/test/services/image_pipeline/dng_embedded_jpeg_extractor_long_edge_selection_test.dart: AC12h: 0x0112 tag PRESENT but unreadable -> readOrientation null, readDngOrientation 1 (distinct from AC12b's tag-ABSENT case)
01:09 +389: /Users/jhangyu/project/Halcyon/test/services/image_pipeline/dng_embedded_jpeg_extractor_long_edge_selection_test.dart: AC12d: N1 fixture — large file with a patched non-default orientation tag
01:09 +390: loading /Users/jhangyu/project/Halcyon/test/services/rename/rename_coordinator_test.dart
01:10 +390: /Users/jhangyu/project/Halcyon/test/services/rename/rename_coordinator_test.dart: RenameCoordinator TC-227 an empty rename plan does not clobber the previous batch's undo map
01:10 +391: /Users/jhangyu/project/Halcyon/test/services/rename/rename_coordinator_test.dart: TC-228 displayProvider returns the identical object currentFullResProvider returns once the full-size decode is ready
01:10 +392: loading /Users/jhangyu/project/Halcyon/test/services/rename/rename_service_test.dart
01:10 +392: /Users/jhangyu/project/Halcyon/test/services/rename/rename_service_test.dart: TC-031 sibling RAW + JPG + sidecar all get the same new base
01:10 +393: /Users/jhangyu/project/Halcyon/test/services/rename/rename_service_test.dart: TC-032 same-second items with {seq} number in original-name order
01:10 +394: /Users/jhangyu/project/Halcyon/test/services/rename/rename_service_test.dart: TC-033 collision without {seq} falls back to -1/-2
01:10 +395: /Users/jhangyu/project/Halcyon/test/services/rename/rename_service_test.dart: TC-034 a name already in the folder is never reused
01:10 +396: /Users/jhangyu/project/Halcyon/test/services/rename/rename_service_test.dart: TC-035 an item already named correctly produces no moves
01:10 +397: /Users/jhangyu/project/Halcyon/test/services/rename/rename_service_test.dart: TC-036 missing metadata still renames, using file mtime
01:10 +398: /Users/jhangyu/project/Halcyon/test/services/rename/rename_service_test.dart: apply + undo TC-037 renames every file and reports progress
01:10 +399: /Users/jhangyu/project/Halcyon/test/services/rename/rename_service_test.dart: apply + undo TC-038 undo restores every original name and drops the log
01:10 +400: /Users/jhangyu/project/Halcyon/test/services/rename/rename_service_test.dart: apply + undo TC-039 a missing source is a failure, not an aborted batch
01:10 +401: /Users/jhangyu/project/Halcyon/test/services/rename/rename_service_test.dart: apply + undo TC-040 cancel stops the batch and leaves a replayable log
01:10 +402: /Users/jhangyu/project/Halcyon/test/services/rename/rename_service_test.dart: apply + undo TC-211 a malformed journal line does not block the undo
01:10 +403: loading /Users/jhangyu/project/Halcyon/test/services/rename/exif_metadata_service_test.dart
01:11 +403: /Users/jhangyu/project/Halcyon/test/services/rename/exif_metadata_service_test.dart: TC-045 decodes a full native map
01:11 +404: /Users/jhangyu/project/Halcyon/test/services/rename/exif_metadata_service_test.dart: TC-046 a null map, a missing date and a junk date all degrade
01:11 +405: /Users/jhangyu/project/Halcyon/test/services/rename/exif_metadata_service_test.dart: TC-120 readBatch never touches a platform channel
EXIF package read failed for /nonexistent/0.JPG: PathNotFoundException: Cannot open file, path = '/nonexistent/0.JPG' (OS Error: No such file or directory, errno = 2)
EXIF package read failed for /nonexistent/1.JPG: PathNotFoundException: Cannot open file, path = '/nonexistent/1.JPG' (OS Error: No such file or directory, errno = 2)
EXIF package read failed for /nonexistent/7.JPG: PathNotFoundException: Cannot open file, path = '/nonexistent/7.JPG' (OS Error: No such file or directory, errno = 2)
EXIF package read failed for /nonexistent/2.JPG: PathNotFoundException: Cannot open file, path = '/nonexistent/2.JPG' (OS Error: No such file or directory, errno = 2)
EXIF package read failed for /nonexistent/4.JPG: PathNotFoundException: Cannot open file, path = '/nonexistent/4.JPG' (OS Error: No such file or directory, errno = 2)
EXIF package read failed for /nonexistent/5.JPG: PathNotFoundException: Cannot open file, path = '/nonexistent/5.JPG' (OS Error: No such file or directory, errno = 2)
EXIF package read failed for /nonexistent/3.JPG: PathNotFoundException: Cannot open file, path = '/nonexistent/3.JPG' (OS Error: No such file or directory, errno = 2)
EXIF package read failed for /nonexistent/6.JPG: PathNotFoundException: Cannot open file, path = '/nonexistent/6.JPG' (OS Error: No such file or directory, errno = 2)
EXIF package read failed for /nonexistent/8.JPG: PathNotFoundException: Cannot open file, path = '/nonexistent/8.JPG' (OS Error: No such file or directory, errno = 2)
EXIF package read failed for /nonexistent/10.JPG: PathNotFoundException: Cannot open file, path = '/nonexistent/10.JPG' (OS Error: No such file or directory, errno = 2)
EXIF package read failed for /nonexistent/11.JPG: PathNotFoundException: Cannot open file, path = '/nonexistent/11.JPG' (OS Error: No such file or directory, errno = 2)
EXIF package read failed for /nonexistent/13.JPG: PathNotFoundException: Cannot open file, path = '/nonexistent/13.JPG' (OS Error: No such file or directory, errno = 2)
EXIF package read failed for /nonexistent/14.JPG: PathNotFoundException: Cannot open file, path = '/nonexistent/14.JPG' (OS Error: No such file or directory, errno = 2)
EXIF package read failed for /nonexistent/19.JPG: PathNotFoundException: Cannot open file, path = '/nonexistent/19.JPG' (OS Error: No such file or directory, errno = 2)
EXIF package read failed for /nonexistent/16.JPG: PathNotFoundException: Cannot open file, path = '/nonexistent/16.JPG' (OS Error: No such file or directory, errno = 2)
EXIF package read failed for /nonexistent/24.JPG: PathNotFoundException: Cannot open file, path = '/nonexistent/24.JPG' (OS Error: No such file or directory, errno = 2)
EXIF package read failed for /nonexistent/12.JPG: PathNotFoundException: Cannot open file, path = '/nonexistent/12.JPG' (OS Error: No such file or directory, errno = 2)
EXIF package read failed for /nonexistent/15.JPG: PathNotFoundException: Cannot open file, path = '/nonexistent/15.JPG' (OS Error: No such file or directory, errno = 2)
EXIF package read failed for /nonexistent/20.JPG: PathNotFoundException: Cannot open file, path = '/nonexistent/20.JPG' (OS Error: No such file or directory, errno = 2)
EXIF package read failed for /nonexistent/22.JPG: PathNotFoundException: Cannot open file, path = '/nonexistent/22.JPG' (OS Error: No such file or directory, errno = 2)
EXIF package read failed for /nonexistent/25.JPG: PathNotFoundException: Cannot open file, path = '/nonexistent/25.JPG' (OS Error: No such file or directory, errno = 2)
EXIF package read failed for /nonexistent/17.JPG: PathNotFoundException: Cannot open file, path = '/nonexistent/17.JPG' (OS Error: No such file or directory, errno = 2)
EXIF package read failed for /nonexistent/26.JPG: PathNotFoundException: Cannot open file, path = '/nonexistent/26.JPG' (OS Error: No such file or directory, errno = 2)
EXIF package read failed for /nonexistent/28.JPG: PathNotFoundException: Cannot open file, path = '/nonexistent/28.JPG' (OS Error: No such file or directory, errno = 2)
EXIF package read failed for /nonexistent/29.JPG: PathNotFoundException: Cannot open file, path = '/nonexistent/29.JPG' (OS Error: No such file or directory, errno = 2)
EXIF package read failed for /nonexistent/23.JPG: PathNotFoundException: Cannot open file, path = '/nonexistent/23.JPG' (OS Error: No such file or directory, errno = 2)
EXIF package read failed for /nonexistent/18.JPG: PathNotFoundException: Cannot open file, path = '/nonexistent/18.JPG' (OS Error: No such file or directory, errno = 2)
EXIF package read failed for /nonexistent/9.JPG: PathNotFoundException: Cannot open file, path = '/nonexistent/9.JPG' (OS Error: No such file or directory, errno = 2)
EXIF package read failed for /nonexistent/21.JPG: PathNotFoundException: Cannot open file, path = '/nonexistent/21.JPG' (OS Error: No such file or directory, errno = 2)
EXIF package read failed for /nonexistent/32.JPG: PathNotFoundException: Cannot open file, path = '/nonexistent/32.JPG' (OS Error: No such file or directory, errno = 2)
EXIF package read failed for /nonexistent/33.JPG: PathNotFoundException: Cannot open file, path = '/nonexistent/33.JPG' (OS Error: No such file or directory, errno = 2)
EXIF package read failed for /nonexistent/27.JPG: PathNotFoundException: Cannot open file, path = '/nonexistent/27.JPG' (OS Error: No such file or directory, errno = 2)
EXIF package read failed for /nonexistent/31.JPG: PathNotFoundException: Cannot open file, path = '/nonexistent/31.JPG' (OS Error: No such file or directory, errno = 2)
EXIF package read failed for /nonexistent/30.JPG: PathNotFoundException: Cannot open file, path = '/nonexistent/30.JPG' (OS Error: No such file or directory, errno = 2)
EXIF package read failed for /nonexistent/35.JPG: PathNotFoundException: Cannot open file, path = '/nonexistent/35.JPG' (OS Error: No such file or directory, errno = 2)
EXIF package read failed for /nonexistent/36.JPG: PathNotFoundException: Cannot open file, path = '/nonexistent/36.JPG' (OS Error: No such file or directory, errno = 2)
EXIF package read failed for /nonexistent/37.JPG: PathNotFoundException: Cannot open file, path = '/nonexistent/37.JPG' (OS Error: No such file or directory, errno = 2)
EXIF package read failed for /nonexistent/34.JPG: PathNotFoundException: Cannot open file, path = '/nonexistent/34.JPG' (OS Error: No such file or directory, errno = 2)
EXIF package read failed for /nonexistent/38.JPG: PathNotFoundException: Cannot open file, path = '/nonexistent/38.JPG' (OS Error: No such file or directory, errno = 2)
EXIF package read failed for /nonexistent/39.JPG: PathNotFoundException: Cannot open file, path = '/nonexistent/39.JPG' (OS Error: No such file or directory, errno = 2)
EXIF package read failed for /nonexistent/40.JPG: PathNotFoundException: Cannot open file, path = '/nonexistent/40.JPG' (OS Error: No such file or directory, errno = 2)
EXIF package read failed for /nonexistent/41.JPG: PathNotFoundException: Cannot open file, path = '/nonexistent/41.JPG' (OS Error: No such file or directory, errno = 2)
EXIF package read failed for /nonexistent/42.JPG: PathNotFoundException: Cannot open file, path = '/nonexistent/42.JPG' (OS Error: No such file or directory, errno = 2)
EXIF package read failed for /nonexistent/43.JPG: PathNotFoundException: Cannot open file, path = '/nonexistent/43.JPG' (OS Error: No such file or directory, errno = 2)
EXIF package read failed for /nonexistent/44.JPG: PathNotFoundException: Cannot open file, path = '/nonexistent/44.JPG' (OS Error: No such file or directory, errno = 2)
EXIF package read failed for /nonexistent/45.JPG: PathNotFoundException: Cannot open file, path = '/nonexistent/45.JPG' (OS Error: No such file or directory, errno = 2)
EXIF package read failed for /nonexistent/46.JPG: PathNotFoundException: Cannot open file, path = '/nonexistent/46.JPG' (OS Error: No such file or directory, errno = 2)
EXIF package read failed for /nonexistent/47.JPG: PathNotFoundException: Cannot open file, path = '/nonexistent/47.JPG' (OS Error: No such file or directory, errno = 2)
EXIF package read failed for /nonexistent/48.JPG: PathNotFoundException: Cannot open file, path = '/nonexistent/48.JPG' (OS Error: No such file or directory, errno = 2)
EXIF package read failed for /nonexistent/49.JPG: PathNotFoundException: Cannot open file, path = '/nonexistent/49.JPG' (OS Error: No such file or directory, errno = 2)
EXIF package read failed for /nonexistent/50.JPG: PathNotFoundException: Cannot open file, path = '/nonexistent/50.JPG' (OS Error: No such file or directory, errno = 2)
EXIF package read failed for /nonexistent/51.JPG: PathNotFoundException: Cannot open file, path = '/nonexistent/51.JPG' (OS Error: No such file or directory, errno = 2)
EXIF package read failed for /nonexistent/52.JPG: PathNotFoundException: Cannot open file, path = '/nonexistent/52.JPG' (OS Error: No such file or directory, errno = 2)
EXIF package read failed for /nonexistent/53.JPG: PathNotFoundException: Cannot open file, path = '/nonexistent/53.JPG' (OS Error: No such file or directory, errno = 2)
EXIF package read failed for /nonexistent/54.JPG: PathNotFoundException: Cannot open file, path = '/nonexistent/54.JPG' (OS Error: No such file or directory, errno = 2)
EXIF package read failed for /nonexistent/55.JPG: PathNotFoundException: Cannot open file, path = '/nonexistent/55.JPG' (OS Error: No such file or directory, errno = 2)
EXIF package read failed for /nonexistent/56.JPG: PathNotFoundException: Cannot open file, path = '/nonexistent/56.JPG' (OS Error: No such file or directory, errno = 2)
EXIF package read failed for /nonexistent/57.JPG: PathNotFoundException: Cannot open file, path = '/nonexistent/57.JPG' (OS Error: No such file or directory, errno = 2)
EXIF package read failed for /nonexistent/58.JPG: PathNotFoundException: Cannot open file, path = '/nonexistent/58.JPG' (OS Error: No such file or directory, errno = 2)
EXIF package read failed for /nonexistent/59.JPG: PathNotFoundException: Cannot open file, path = '/nonexistent/59.JPG' (OS Error: No such file or directory, errno = 2)
EXIF package read failed for /nonexistent/60.JPG: PathNotFoundException: Cannot open file, path = '/nonexistent/60.JPG' (OS Error: No such file or directory, errno = 2)
EXIF package read failed for /nonexistent/61.JPG: PathNotFoundException: Cannot open file, path = '/nonexistent/61.JPG' (OS Error: No such file or directory, errno = 2)
EXIF package read failed for /nonexistent/62.JPG: PathNotFoundException: Cannot open file, path = '/nonexistent/62.JPG' (OS Error: No such file or directory, errno = 2)
EXIF package read failed for /nonexistent/63.JPG: PathNotFoundException: Cannot open file, path = '/nonexistent/63.JPG' (OS Error: No such file or directory, errno = 2)
EXIF package read failed for /nonexistent/64.JPG: PathNotFoundException: Cannot open file, path = '/nonexistent/64.JPG' (OS Error: No such file or directory, errno = 2)
EXIF package read failed for /nonexistent/65.JPG: PathNotFoundException: Cannot open file, path = '/nonexistent/65.JPG' (OS Error: No such file or directory, errno = 2)
EXIF package read failed for /nonexistent/66.JPG: PathNotFoundException: Cannot open file, path = '/nonexistent/66.JPG' (OS Error: No such file or directory, errno = 2)
EXIF package read failed for /nonexistent/67.JPG: PathNotFoundException: Cannot open file, path = '/nonexistent/67.JPG' (OS Error: No such file or directory, errno = 2)
EXIF package read failed for /nonexistent/68.JPG: PathNotFoundException: Cannot open file, path = '/nonexistent/68.JPG' (OS Error: No such file or directory, errno = 2)
EXIF package read failed for /nonexistent/69.JPG: PathNotFoundException: Cannot open file, path = '/nonexistent/69.JPG' (OS Error: No such file or directory, errno = 2)
EXIF package read failed for /nonexistent/70.JPG: PathNotFoundException: Cannot open file, path = '/nonexistent/70.JPG' (OS Error: No such file or directory, errno = 2)
EXIF package read failed for /nonexistent/71.JPG: PathNotFoundException: Cannot open file, path = '/nonexistent/71.JPG' (OS Error: No such file or directory, errno = 2)
EXIF package read failed for /nonexistent/72.JPG: PathNotFoundException: Cannot open file, path = '/nonexistent/72.JPG' (OS Error: No such file or directory, errno = 2)
EXIF package read failed for /nonexistent/73.JPG: PathNotFoundException: Cannot open file, path = '/nonexistent/73.JPG' (OS Error: No such file or directory, errno = 2)
EXIF package read failed for /nonexistent/74.JPG: PathNotFoundException: Cannot open file, path = '/nonexistent/74.JPG' (OS Error: No such file or directory, errno = 2)
EXIF package read failed for /nonexistent/75.JPG: PathNotFoundException: Cannot open file, path = '/nonexistent/75.JPG' (OS Error: No such file or directory, errno = 2)
EXIF package read failed for /nonexistent/76.JPG: PathNotFoundException: Cannot open file, path = '/nonexistent/76.JPG' (OS Error: No such file or directory, errno = 2)
EXIF package read failed for /nonexistent/77.JPG: PathNotFoundException: Cannot open file, path = '/nonexistent/77.JPG' (OS Error: No such file or directory, errno = 2)
EXIF package read failed for /nonexistent/78.JPG: PathNotFoundException: Cannot open file, path = '/nonexistent/78.JPG' (OS Error: No such file or directory, errno = 2)
EXIF package read failed for /nonexistent/79.JPG: PathNotFoundException: Cannot open file, path = '/nonexistent/79.JPG' (OS Error: No such file or directory, errno = 2)
EXIF package read failed for /nonexistent/80.JPG: PathNotFoundException: Cannot open file, path = '/nonexistent/80.JPG' (OS Error: No such file or directory, errno = 2)
EXIF package read failed for /nonexistent/81.JPG: PathNotFoundException: Cannot open file, path = '/nonexistent/81.JPG' (OS Error: No such file or directory, errno = 2)
EXIF package read failed for /nonexistent/82.JPG: PathNotFoundException: Cannot open file, path = '/nonexistent/82.JPG' (OS Error: No such file or directory, errno = 2)
EXIF package read failed for /nonexistent/83.JPG: PathNotFoundException: Cannot open file, path = '/nonexistent/83.JPG' (OS Error: No such file or directory, errno = 2)
EXIF package read failed for /nonexistent/84.JPG: PathNotFoundException: Cannot open file, path = '/nonexistent/84.JPG' (OS Error: No such file or directory, errno = 2)
EXIF package read failed for /nonexistent/85.JPG: PathNotFoundException: Cannot open file, path = '/nonexistent/85.JPG' (OS Error: No such file or directory, errno = 2)
EXIF package read failed for /nonexistent/86.JPG: PathNotFoundException: Cannot open file, path = '/nonexistent/86.JPG' (OS Error: No such file or directory, errno = 2)
EXIF package read failed for /nonexistent/87.JPG: PathNotFoundException: Cannot open file, path = '/nonexistent/87.JPG' (OS Error: No such file or directory, errno = 2)
EXIF package read failed for /nonexistent/88.JPG: PathNotFoundException: Cannot open file, path = '/nonexistent/88.JPG' (OS Error: No such file or directory, errno = 2)
EXIF package read failed for /nonexistent/89.JPG: PathNotFoundException: Cannot open file, path = '/nonexistent/89.JPG' (OS Error: No such file or directory, errno = 2)
EXIF package read failed for /nonexistent/90.JPG: PathNotFoundException: Cannot open file, path = '/nonexistent/90.JPG' (OS Error: No such file or directory, errno = 2)
EXIF package read failed for /nonexistent/91.JPG: PathNotFoundException: Cannot open file, path = '/nonexistent/91.JPG' (OS Error: No such file or directory, errno = 2)
EXIF package read failed for /nonexistent/92.JPG: PathNotFoundException: Cannot open file, path = '/nonexistent/92.JPG' (OS Error: No such file or directory, errno = 2)
EXIF package read failed for /nonexistent/93.JPG: PathNotFoundException: Cannot open file, path = '/nonexistent/93.JPG' (OS Error: No such file or directory, errno = 2)
EXIF package read failed for /nonexistent/94.JPG: PathNotFoundException: Cannot open file, path = '/nonexistent/94.JPG' (OS Error: No such file or directory, errno = 2)
EXIF package read failed for /nonexistent/95.JPG: PathNotFoundException: Cannot open file, path = '/nonexistent/95.JPG' (OS Error: No such file or directory, errno = 2)
EXIF package read failed for /nonexistent/96.JPG: PathNotFoundException: Cannot open file, path = '/nonexistent/96.JPG' (OS Error: No such file or directory, errno = 2)
EXIF package read failed for /nonexistent/97.JPG: PathNotFoundException: Cannot open file, path = '/nonexistent/97.JPG' (OS Error: No such file or directory, errno = 2)
EXIF package read failed for /nonexistent/98.JPG: PathNotFoundException: Cannot open file, path = '/nonexistent/98.JPG' (OS Error: No such file or directory, errno = 2)
EXIF package read failed for /nonexistent/99.JPG: PathNotFoundException: Cannot open file, path = '/nonexistent/99.JPG' (OS Error: No such file or directory, errno = 2)
EXIF package read failed for /nonexistent/100.JPG: PathNotFoundException: Cannot open file, path = '/nonexistent/100.JPG' (OS Error: No such file or directory, errno = 2)
EXIF package read failed for /nonexistent/101.JPG: PathNotFoundException: Cannot open file, path = '/nonexistent/101.JPG' (OS Error: No such file or directory, errno = 2)
EXIF package read failed for /nonexistent/102.JPG: PathNotFoundException: Cannot open file, path = '/nonexistent/102.JPG' (OS Error: No such file or directory, errno = 2)
EXIF package read failed for /nonexistent/103.JPG: PathNotFoundException: Cannot open file, path = '/nonexistent/103.JPG' (OS Error: No such file or directory, errno = 2)
EXIF package read failed for /nonexistent/104.JPG: PathNotFoundException: Cannot open file, path = '/nonexistent/104.JPG' (OS Error: No such file or directory, errno = 2)
EXIF package read failed for /nonexistent/105.JPG: PathNotFoundException: Cannot open file, path = '/nonexistent/105.JPG' (OS Error: No such file or directory, errno = 2)
EXIF package read failed for /nonexistent/106.JPG: PathNotFoundException: Cannot open file, path = '/nonexistent/106.JPG' (OS Error: No such file or directory, errno = 2)
EXIF package read failed for /nonexistent/107.JPG: PathNotFoundException: Cannot open file, path = '/nonexistent/107.JPG' (OS Error: No such file or directory, errno = 2)
EXIF package read failed for /nonexistent/108.JPG: PathNotFoundException: Cannot open file, path = '/nonexistent/108.JPG' (OS Error: No such file or directory, errno = 2)
EXIF package read failed for /nonexistent/109.JPG: PathNotFoundException: Cannot open file, path = '/nonexistent/109.JPG' (OS Error: No such file or directory, errno = 2)
EXIF package read failed for /nonexistent/110.JPG: PathNotFoundException: Cannot open file, path = '/nonexistent/110.JPG' (OS Error: No such file or directory, errno = 2)
EXIF package read failed for /nonexistent/111.JPG: PathNotFoundException: Cannot open file, path = '/nonexistent/111.JPG' (OS Error: No such file or directory, errno = 2)
EXIF package read failed for /nonexistent/112.JPG: PathNotFoundException: Cannot open file, path = '/nonexistent/112.JPG' (OS Error: No such file or directory, errno = 2)
EXIF package read failed for /nonexistent/113.JPG: PathNotFoundException: Cannot open file, path = '/nonexistent/113.JPG' (OS Error: No such file or directory, errno = 2)
EXIF package read failed for /nonexistent/114.JPG: PathNotFoundException: Cannot open file, path = '/nonexistent/114.JPG' (OS Error: No such file or directory, errno = 2)
EXIF package read failed for /nonexistent/115.JPG: PathNotFoundException: Cannot open file, path = '/nonexistent/115.JPG' (OS Error: No such file or directory, errno = 2)
EXIF package read failed for /nonexistent/116.JPG: PathNotFoundException: Cannot open file, path = '/nonexistent/116.JPG' (OS Error: No such file or directory, errno = 2)
EXIF package read failed for /nonexistent/117.JPG: PathNotFoundException: Cannot open file, path = '/nonexistent/117.JPG' (OS Error: No such file or directory, errno = 2)
EXIF package read failed for /nonexistent/118.JPG: PathNotFoundException: Cannot open file, path = '/nonexistent/118.JPG' (OS Error: No such file or directory, errno = 2)
EXIF package read failed for /nonexistent/119.JPG: PathNotFoundException: Cannot open file, path = '/nonexistent/119.JPG' (OS Error: No such file or directory, errno = 2)
EXIF package read failed for /nonexistent/120.JPG: PathNotFoundException: Cannot open file, path = '/nonexistent/120.JPG' (OS Error: No such file or directory, errno = 2)
EXIF package read failed for /nonexistent/121.JPG: PathNotFoundException: Cannot open file, path = '/nonexistent/121.JPG' (OS Error: No such file or directory, errno = 2)
EXIF package read failed for /nonexistent/122.JPG: PathNotFoundException: Cannot open file, path = '/nonexistent/122.JPG' (OS Error: No such file or directory, errno = 2)
EXIF package read failed for /nonexistent/123.JPG: PathNotFoundException: Cannot open file, path = '/nonexistent/123.JPG' (OS Error: No such file or directory, errno = 2)
EXIF package read failed for /nonexistent/124.JPG: PathNotFoundException: Cannot open file, path = '/nonexistent/124.JPG' (OS Error: No such file or directory, errno = 2)
EXIF package read failed for /nonexistent/125.JPG: PathNotFoundException: Cannot open file, path = '/nonexistent/125.JPG' (OS Error: No such file or directory, errno = 2)
EXIF package read failed for /nonexistent/126.JPG: PathNotFoundException: Cannot open file, path = '/nonexistent/126.JPG' (OS Error: No such file or directory, errno = 2)
EXIF package read failed for /nonexistent/127.JPG: PathNotFoundException: Cannot open file, path = '/nonexistent/127.JPG' (OS Error: No such file or directory, errno = 2)
EXIF package read failed for /nonexistent/128.JPG: PathNotFoundException: Cannot open file, path = '/nonexistent/128.JPG' (OS Error: No such file or directory, errno = 2)
EXIF package read failed for /nonexistent/129.JPG: PathNotFoundException: Cannot open file, path = '/nonexistent/129.JPG' (OS Error: No such file or directory, errno = 2)
EXIF package read failed for /nonexistent/130.JPG: PathNotFoundException: Cannot open file, path = '/nonexistent/130.JPG' (OS Error: No such file or directory, errno = 2)
EXIF package read failed for /nonexistent/131.JPG: PathNotFoundException: Cannot open file, path = '/nonexistent/131.JPG' (OS Error: No such file or directory, errno = 2)
EXIF package read failed for /nonexistent/132.JPG: PathNotFoundException: Cannot open file, path = '/nonexistent/132.JPG' (OS Error: No such file or directory, errno = 2)
EXIF package read failed for /nonexistent/133.JPG: PathNotFoundException: Cannot open file, path = '/nonexistent/133.JPG' (OS Error: No such file or directory, errno = 2)
EXIF package read failed for /nonexistent/134.JPG: PathNotFoundException: Cannot open file, path = '/nonexistent/134.JPG' (OS Error: No such file or directory, errno = 2)
EXIF package read failed for /nonexistent/135.JPG: PathNotFoundException: Cannot open file, path = '/nonexistent/135.JPG' (OS Error: No such file or directory, errno = 2)
EXIF package read failed for /nonexistent/136.JPG: PathNotFoundException: Cannot open file, path = '/nonexistent/136.JPG' (OS Error: No such file or directory, errno = 2)
EXIF package read failed for /nonexistent/137.JPG: PathNotFoundException: Cannot open file, path = '/nonexistent/137.JPG' (OS Error: No such file or directory, errno = 2)
EXIF package read failed for /nonexistent/138.JPG: PathNotFoundException: Cannot open file, path = '/nonexistent/138.JPG' (OS Error: No such file or directory, errno = 2)
EXIF package read failed for /nonexistent/139.JPG: PathNotFoundException: Cannot open file, path = '/nonexistent/139.JPG' (OS Error: No such file or directory, errno = 2)
EXIF package read failed for /nonexistent/140.JPG: PathNotFoundException: Cannot open file, path = '/nonexistent/140.JPG' (OS Error: No such file or directory, errno = 2)
EXIF package read failed for /nonexistent/141.JPG: PathNotFoundException: Cannot open file, path = '/nonexistent/141.JPG' (OS Error: No such file or directory, errno = 2)
EXIF package read failed for /nonexistent/142.JPG: PathNotFoundException: Cannot open file, path = '/nonexistent/142.JPG' (OS Error: No such file or directory, errno = 2)
EXIF package read failed for /nonexistent/143.JPG: PathNotFoundException: Cannot open file, path = '/nonexistent/143.JPG' (OS Error: No such file or directory, errno = 2)
EXIF package read failed for /nonexistent/144.JPG: PathNotFoundException: Cannot open file, path = '/nonexistent/144.JPG' (OS Error: No such file or directory, errno = 2)
EXIF package read failed for /nonexistent/145.JPG: PathNotFoundException: Cannot open file, path = '/nonexistent/145.JPG' (OS Error: No such file or directory, errno = 2)
EXIF package read failed for /nonexistent/146.JPG: PathNotFoundException: Cannot open file, path = '/nonexistent/146.JPG' (OS Error: No such file or directory, errno = 2)
EXIF package read failed for /nonexistent/147.JPG: PathNotFoundException: Cannot open file, path = '/nonexistent/147.JPG' (OS Error: No such file or directory, errno = 2)
EXIF package read failed for /nonexistent/148.JPG: PathNotFoundException: Cannot open file, path = '/nonexistent/148.JPG' (OS Error: No such file or directory, errno = 2)
EXIF package read failed for /nonexistent/149.JPG: PathNotFoundException: Cannot open file, path = '/nonexistent/149.JPG' (OS Error: No such file or directory, errno = 2)
EXIF package read failed for /nonexistent/150.JPG: PathNotFoundException: Cannot open file, path = '/nonexistent/150.JPG' (OS Error: No such file or directory, errno = 2)
EXIF package read failed for /nonexistent/151.JPG: PathNotFoundException: Cannot open file, path = '/nonexistent/151.JPG' (OS Error: No such file or directory, errno = 2)
EXIF package read failed for /nonexistent/152.JPG: PathNotFoundException: Cannot open file, path = '/nonexistent/152.JPG' (OS Error: No such file or directory, errno = 2)
EXIF package read failed for /nonexistent/153.JPG: PathNotFoundException: Cannot open file, path = '/nonexistent/153.JPG' (OS Error: No such file or directory, errno = 2)
EXIF package read failed for /nonexistent/154.JPG: PathNotFoundException: Cannot open file, path = '/nonexistent/154.JPG' (OS Error: No such file or directory, errno = 2)
EXIF package read failed for /nonexistent/155.JPG: PathNotFoundException: Cannot open file, path = '/nonexistent/155.JPG' (OS Error: No such file or directory, errno = 2)
EXIF package read failed for /nonexistent/156.JPG: PathNotFoundException: Cannot open file, path = '/nonexistent/156.JPG' (OS Error: No such file or directory, errno = 2)
EXIF package read failed for /nonexistent/157.JPG: PathNotFoundException: Cannot open file, path = '/nonexistent/157.JPG' (OS Error: No such file or directory, errno = 2)
EXIF package read failed for /nonexistent/158.JPG: PathNotFoundException: Cannot open file, path = '/nonexistent/158.JPG' (OS Error: No such file or directory, errno = 2)
EXIF package read failed for /nonexistent/159.JPG: PathNotFoundException: Cannot open file, path = '/nonexistent/159.JPG' (OS Error: No such file or directory, errno = 2)
EXIF package read failed for /nonexistent/160.JPG: PathNotFoundException: Cannot open file, path = '/nonexistent/160.JPG' (OS Error: No such file or directory, errno = 2)
EXIF package read failed for /nonexistent/161.JPG: PathNotFoundException: Cannot open file, path = '/nonexistent/161.JPG' (OS Error: No such file or directory, errno = 2)
EXIF package read failed for /nonexistent/162.JPG: PathNotFoundException: Cannot open file, path = '/nonexistent/162.JPG' (OS Error: No such file or directory, errno = 2)
EXIF package read failed for /nonexistent/163.JPG: PathNotFoundException: Cannot open file, path = '/nonexistent/163.JPG' (OS Error: No such file or directory, errno = 2)
EXIF package read failed for /nonexistent/164.JPG: PathNotFoundException: Cannot open file, path = '/nonexistent/164.JPG' (OS Error: No such file or directory, errno = 2)
EXIF package read failed for /nonexistent/165.JPG: PathNotFoundException: Cannot open file, path = '/nonexistent/165.JPG' (OS Error: No such file or directory, errno = 2)
EXIF package read failed for /nonexistent/166.JPG: PathNotFoundException: Cannot open file, path = '/nonexistent/166.JPG' (OS Error: No such file or directory, errno = 2)
EXIF package read failed for /nonexistent/167.JPG: PathNotFoundException: Cannot open file, path = '/nonexistent/167.JPG' (OS Error: No such file or directory, errno = 2)
EXIF package read failed for /nonexistent/168.JPG: PathNotFoundException: Cannot open file, path = '/nonexistent/168.JPG' (OS Error: No such file or directory, errno = 2)
EXIF package read failed for /nonexistent/169.JPG: PathNotFoundException: Cannot open file, path = '/nonexistent/169.JPG' (OS Error: No such file or directory, errno = 2)
EXIF package read failed for /nonexistent/170.JPG: PathNotFoundException: Cannot open file, path = '/nonexistent/170.JPG' (OS Error: No such file or directory, errno = 2)
EXIF package read failed for /nonexistent/171.JPG: PathNotFoundException: Cannot open file, path = '/nonexistent/171.JPG' (OS Error: No such file or directory, errno = 2)
EXIF package read failed for /nonexistent/172.JPG: PathNotFoundException: Cannot open file, path = '/nonexistent/172.JPG' (OS Error: No such file or directory, errno = 2)
EXIF package read failed for /nonexistent/173.JPG: PathNotFoundException: Cannot open file, path = '/nonexistent/173.JPG' (OS Error: No such file or directory, errno = 2)
EXIF package read failed for /nonexistent/174.JPG: PathNotFoundException: Cannot open file, path = '/nonexistent/174.JPG' (OS Error: No such file or directory, errno = 2)
EXIF package read failed for /nonexistent/175.JPG: PathNotFoundException: Cannot open file, path = '/nonexistent/175.JPG' (OS Error: No such file or directory, errno = 2)
EXIF package read failed for /nonexistent/176.JPG: PathNotFoundException: Cannot open file, path = '/nonexistent/176.JPG' (OS Error: No such file or directory, errno = 2)
EXIF package read failed for /nonexistent/177.JPG: PathNotFoundException: Cannot open file, path = '/nonexistent/177.JPG' (OS Error: No such file or directory, errno = 2)
EXIF package read failed for /nonexistent/178.JPG: PathNotFoundException: Cannot open file, path = '/nonexistent/178.JPG' (OS Error: No such file or directory, errno = 2)
EXIF package read failed for /nonexistent/179.JPG: PathNotFoundException: Cannot open file, path = '/nonexistent/179.JPG' (OS Error: No such file or directory, errno = 2)
EXIF package read failed for /nonexistent/180.JPG: PathNotFoundException: Cannot open file, path = '/nonexistent/180.JPG' (OS Error: No such file or directory, errno = 2)
EXIF package read failed for /nonexistent/181.JPG: PathNotFoundException: Cannot open file, path = '/nonexistent/181.JPG' (OS Error: No such file or directory, errno = 2)
EXIF package read failed for /nonexistent/182.JPG: PathNotFoundException: Cannot open file, path = '/nonexistent/182.JPG' (OS Error: No such file or directory, errno = 2)
EXIF package read failed for /nonexistent/183.JPG: PathNotFoundException: Cannot open file, path = '/nonexistent/183.JPG' (OS Error: No such file or directory, errno = 2)
EXIF package read failed for /nonexistent/184.JPG: PathNotFoundException: Cannot open file, path = '/nonexistent/184.JPG' (OS Error: No such file or directory, errno = 2)
EXIF package read failed for /nonexistent/185.JPG: PathNotFoundException: Cannot open file, path = '/nonexistent/185.JPG' (OS Error: No such file or directory, errno = 2)
EXIF package read failed for /nonexistent/186.JPG: PathNotFoundException: Cannot open file, path = '/nonexistent/186.JPG' (OS Error: No such file or directory, errno = 2)
EXIF package read failed for /nonexistent/187.JPG: PathNotFoundException: Cannot open file, path = '/nonexistent/187.JPG' (OS Error: No such file or directory, errno = 2)
EXIF package read failed for /nonexistent/188.JPG: PathNotFoundException: Cannot open file, path = '/nonexistent/188.JPG' (OS Error: No such file or directory, errno = 2)
EXIF package read failed for /nonexistent/189.JPG: PathNotFoundException: Cannot open file, path = '/nonexistent/189.JPG' (OS Error: No such file or directory, errno = 2)
EXIF package read failed for /nonexistent/190.JPG: PathNotFoundException: Cannot open file, path = '/nonexistent/190.JPG' (OS Error: No such file or directory, errno = 2)
EXIF package read failed for /nonexistent/191.JPG: PathNotFoundException: Cannot open file, path = '/nonexistent/191.JPG' (OS Error: No such file or directory, errno = 2)
EXIF package read failed for /nonexistent/192.JPG: PathNotFoundException: Cannot open file, path = '/nonexistent/192.JPG' (OS Error: No such file or directory, errno = 2)
EXIF package read failed for /nonexistent/193.JPG: PathNotFoundException: Cannot open file, path = '/nonexistent/193.JPG' (OS Error: No such file or directory, errno = 2)
EXIF package read failed for /nonexistent/194.JPG: PathNotFoundException: Cannot open file, path = '/nonexistent/194.JPG' (OS Error: No such file or directory, errno = 2)
EXIF package read failed for /nonexistent/195.JPG: PathNotFoundException: Cannot open file, path = '/nonexistent/195.JPG' (OS Error: No such file or directory, errno = 2)
EXIF package read failed for /nonexistent/196.JPG: PathNotFoundException: Cannot open file, path = '/nonexistent/196.JPG' (OS Error: No such file or directory, errno = 2)
EXIF package read failed for /nonexistent/197.JPG: PathNotFoundException: Cannot open file, path = '/nonexistent/197.JPG' (OS Error: No such file or directory, errno = 2)
EXIF package read failed for /nonexistent/198.JPG: PathNotFoundException: Cannot open file, path = '/nonexistent/198.JPG' (OS Error: No such file or directory, errno = 2)
EXIF package read failed for /nonexistent/199.JPG: PathNotFoundException: Cannot open file, path = '/nonexistent/199.JPG' (OS Error: No such file or directory, errno = 2)
EXIF package read failed for /nonexistent/200.JPG: PathNotFoundException: Cannot open file, path = '/nonexistent/200.JPG' (OS Error: No such file or directory, errno = 2)
EXIF package read failed for /nonexistent/201.JPG: PathNotFoundException: Cannot open file, path = '/nonexistent/201.JPG' (OS Error: No such file or directory, errno = 2)
EXIF package read failed for /nonexistent/202.JPG: PathNotFoundException: Cannot open file, path = '/nonexistent/202.JPG' (OS Error: No such file or directory, errno = 2)
EXIF package read failed for /nonexistent/203.JPG: PathNotFoundException: Cannot open file, path = '/nonexistent/203.JPG' (OS Error: No such file or directory, errno = 2)
EXIF package read failed for /nonexistent/204.JPG: PathNotFoundException: Cannot open file, path = '/nonexistent/204.JPG' (OS Error: No such file or directory, errno = 2)
EXIF package read failed for /nonexistent/205.JPG: PathNotFoundException: Cannot open file, path = '/nonexistent/205.JPG' (OS Error: No such file or directory, errno = 2)
EXIF package read failed for /nonexistent/206.JPG: PathNotFoundException: Cannot open file, path = '/nonexistent/206.JPG' (OS Error: No such file or directory, errno = 2)
EXIF package read failed for /nonexistent/207.JPG: PathNotFoundException: Cannot open file, path = '/nonexistent/207.JPG' (OS Error: No such file or directory, errno = 2)
EXIF package read failed for /nonexistent/208.JPG: PathNotFoundException: Cannot open file, path = '/nonexistent/208.JPG' (OS Error: No such file or directory, errno = 2)
EXIF package read failed for /nonexistent/209.JPG: PathNotFoundException: Cannot open file, path = '/nonexistent/209.JPG' (OS Error: No such file or directory, errno = 2)
EXIF package read failed for /nonexistent/210.JPG: PathNotFoundException: Cannot open file, path = '/nonexistent/210.JPG' (OS Error: No such file or directory, errno = 2)
EXIF package read failed for /nonexistent/211.JPG: PathNotFoundException: Cannot open file, path = '/nonexistent/211.JPG' (OS Error: No such file or directory, errno = 2)
EXIF package read failed for /nonexistent/212.JPG: PathNotFoundException: Cannot open file, path = '/nonexistent/212.JPG' (OS Error: No such file or directory, errno = 2)
EXIF package read failed for /nonexistent/213.JPG: PathNotFoundException: Cannot open file, path = '/nonexistent/213.JPG' (OS Error: No such file or directory, errno = 2)
EXIF package read failed for /nonexistent/214.JPG: PathNotFoundException: Cannot open file, path = '/nonexistent/214.JPG' (OS Error: No such file or directory, errno = 2)
EXIF package read failed for /nonexistent/215.JPG: PathNotFoundException: Cannot open file, path = '/nonexistent/215.JPG' (OS Error: No such file or directory, errno = 2)
EXIF package read failed for /nonexistent/216.JPG: PathNotFoundException: Cannot open file, path = '/nonexistent/216.JPG' (OS Error: No such file or directory, errno = 2)
EXIF package read failed for /nonexistent/217.JPG: PathNotFoundException: Cannot open file, path = '/nonexistent/217.JPG' (OS Error: No such file or directory, errno = 2)
EXIF package read failed for /nonexistent/218.JPG: PathNotFoundException: Cannot open file, path = '/nonexistent/218.JPG' (OS Error: No such file or directory, errno = 2)
EXIF package read failed for /nonexistent/219.JPG: PathNotFoundException: Cannot open file, path = '/nonexistent/219.JPG' (OS Error: No such file or directory, errno = 2)
EXIF package read failed for /nonexistent/220.JPG: PathNotFoundException: Cannot open file, path = '/nonexistent/220.JPG' (OS Error: No such file or directory, errno = 2)
EXIF package read failed for /nonexistent/221.JPG: PathNotFoundException: Cannot open file, path = '/nonexistent/221.JPG' (OS Error: No such file or directory, errno = 2)
EXIF package read failed for /nonexistent/222.JPG: PathNotFoundException: Cannot open file, path = '/nonexistent/222.JPG' (OS Error: No such file or directory, errno = 2)
EXIF package read failed for /nonexistent/223.JPG: PathNotFoundException: Cannot open file, path = '/nonexistent/223.JPG' (OS Error: No such file or directory, errno = 2)
EXIF package read failed for /nonexistent/224.JPG: PathNotFoundException: Cannot open file, path = '/nonexistent/224.JPG' (OS Error: No such file or directory, errno = 2)
EXIF package read failed for /nonexistent/225.JPG: PathNotFoundException: Cannot open file, path = '/nonexistent/225.JPG' (OS Error: No such file or directory, errno = 2)
EXIF package read failed for /nonexistent/226.JPG: PathNotFoundException: Cannot open file, path = '/nonexistent/226.JPG' (OS Error: No such file or directory, errno = 2)
EXIF package read failed for /nonexistent/227.JPG: PathNotFoundException: Cannot open file, path = '/nonexistent/227.JPG' (OS Error: No such file or directory, errno = 2)
EXIF package read failed for /nonexistent/228.JPG: PathNotFoundException: Cannot open file, path = '/nonexistent/228.JPG' (OS Error: No such file or directory, errno = 2)
EXIF package read failed for /nonexistent/229.JPG: PathNotFoundException: Cannot open file, path = '/nonexistent/229.JPG' (OS Error: No such file or directory, errno = 2)
EXIF package read failed for /nonexistent/230.JPG: PathNotFoundException: Cannot open file, path = '/nonexistent/230.JPG' (OS Error: No such file or directory, errno = 2)
EXIF package read failed for /nonexistent/231.JPG: PathNotFoundException: Cannot open file, path = '/nonexistent/231.JPG' (OS Error: No such file or directory, errno = 2)
EXIF package read failed for /nonexistent/232.JPG: PathNotFoundException: Cannot open file, path = '/nonexistent/232.JPG' (OS Error: No such file or directory, errno = 2)
EXIF package read failed for /nonexistent/233.JPG: PathNotFoundException: Cannot open file, path = '/nonexistent/233.JPG' (OS Error: No such file or directory, errno = 2)
EXIF package read failed for /nonexistent/234.JPG: PathNotFoundException: Cannot open file, path = '/nonexistent/234.JPG' (OS Error: No such file or directory, errno = 2)
EXIF package read failed for /nonexistent/235.JPG: PathNotFoundException: Cannot open file, path = '/nonexistent/235.JPG' (OS Error: No such file or directory, errno = 2)
EXIF package read failed for /nonexistent/236.JPG: PathNotFoundException: Cannot open file, path = '/nonexistent/236.JPG' (OS Error: No such file or directory, errno = 2)
EXIF package read failed for /nonexistent/237.JPG: PathNotFoundException: Cannot open file, path = '/nonexistent/237.JPG' (OS Error: No such file or directory, errno = 2)
EXIF package read failed for /nonexistent/238.JPG: PathNotFoundException: Cannot open file, path = '/nonexistent/238.JPG' (OS Error: No such file or directory, errno = 2)
EXIF package read failed for /nonexistent/239.JPG: PathNotFoundException: Cannot open file, path = '/nonexistent/239.JPG' (OS Error: No such file or directory, errno = 2)
EXIF package read failed for /nonexistent/240.JPG: PathNotFoundException: Cannot open file, path = '/nonexistent/240.JPG' (OS Error: No such file or directory, errno = 2)
EXIF package read failed for /nonexistent/241.JPG: PathNotFoundException: Cannot open file, path = '/nonexistent/241.JPG' (OS Error: No such file or directory, errno = 2)
EXIF package read failed for /nonexistent/242.JPG: PathNotFoundException: Cannot open file, path = '/nonexistent/242.JPG' (OS Error: No such file or directory, errno = 2)
EXIF package read failed for /nonexistent/243.JPG: PathNotFoundException: Cannot open file, path = '/nonexistent/243.JPG' (OS Error: No such file or directory, errno = 2)
EXIF package read failed for /nonexistent/244.JPG: PathNotFoundException: Cannot open file, path = '/nonexistent/244.JPG' (OS Error: No such file or directory, errno = 2)
EXIF package read failed for /nonexistent/245.JPG: PathNotFoundException: Cannot open file, path = '/nonexistent/245.JPG' (OS Error: No such file or directory, errno = 2)
EXIF package read failed for /nonexistent/246.JPG: PathNotFoundException: Cannot open file, path = '/nonexistent/246.JPG' (OS Error: No such file or directory, errno = 2)
EXIF package read failed for /nonexistent/247.JPG: PathNotFoundException: Cannot open file, path = '/nonexistent/247.JPG' (OS Error: No such file or directory, errno = 2)
EXIF package read failed for /nonexistent/248.JPG: PathNotFoundException: Cannot open file, path = '/nonexistent/248.JPG' (OS Error: No such file or directory, errno = 2)
EXIF package read failed for /nonexistent/249.JPG: PathNotFoundException: Cannot open file, path = '/nonexistent/249.JPG' (OS Error: No such file or directory, errno = 2)
EXIF package read failed for /nonexistent/250.JPG: PathNotFoundException: Cannot open file, path = '/nonexistent/250.JPG' (OS Error: No such file or directory, errno = 2)
EXIF package read failed for /nonexistent/251.JPG: PathNotFoundException: Cannot open file, path = '/nonexistent/251.JPG' (OS Error: No such file or directory, errno = 2)
EXIF package read failed for /nonexistent/252.JPG: PathNotFoundException: Cannot open file, path = '/nonexistent/252.JPG' (OS Error: No such file or directory, errno = 2)
EXIF package read failed for /nonexistent/253.JPG: PathNotFoundException: Cannot open file, path = '/nonexistent/253.JPG' (OS Error: No such file or directory, errno = 2)
EXIF package read failed for /nonexistent/254.JPG: PathNotFoundException: Cannot open file, path = '/nonexistent/254.JPG' (OS Error: No such file or directory, errno = 2)
EXIF package read failed for /nonexistent/255.JPG: PathNotFoundException: Cannot open file, path = '/nonexistent/255.JPG' (OS Error: No such file or directory, errno = 2)
EXIF package read failed for /nonexistent/256.JPG: PathNotFoundException: Cannot open file, path = '/nonexistent/256.JPG' (OS Error: No such file or directory, errno = 2)
EXIF package read failed for /nonexistent/257.JPG: PathNotFoundException: Cannot open file, path = '/nonexistent/257.JPG' (OS Error: No such file or directory, errno = 2)
EXIF package read failed for /nonexistent/258.JPG: PathNotFoundException: Cannot open file, path = '/nonexistent/258.JPG' (OS Error: No such file or directory, errno = 2)
EXIF package read failed for /nonexistent/259.JPG: PathNotFoundException: Cannot open file, path = '/nonexistent/259.JPG' (OS Error: No such file or directory, errno = 2)
EXIF package read failed for /nonexistent/260.JPG: PathNotFoundException: Cannot open file, path = '/nonexistent/260.JPG' (OS Error: No such file or directory, errno = 2)
EXIF package read failed for /nonexistent/261.JPG: PathNotFoundException: Cannot open file, path = '/nonexistent/261.JPG' (OS Error: No such file or directory, errno = 2)
EXIF package read failed for /nonexistent/262.JPG: PathNotFoundException: Cannot open file, path = '/nonexistent/262.JPG' (OS Error: No such file or directory, errno = 2)
EXIF package read failed for /nonexistent/263.JPG: PathNotFoundException: Cannot open file, path = '/nonexistent/263.JPG' (OS Error: No such file or directory, errno = 2)
EXIF package read failed for /nonexistent/264.JPG: PathNotFoundException: Cannot open file, path = '/nonexistent/264.JPG' (OS Error: No such file or directory, errno = 2)
EXIF package read failed for /nonexistent/265.JPG: PathNotFoundException: Cannot open file, path = '/nonexistent/265.JPG' (OS Error: No such file or directory, errno = 2)
EXIF package read failed for /nonexistent/266.JPG: PathNotFoundException: Cannot open file, path = '/nonexistent/266.JPG' (OS Error: No such file or directory, errno = 2)
EXIF package read failed for /nonexistent/267.JPG: PathNotFoundException: Cannot open file, path = '/nonexistent/267.JPG' (OS Error: No such file or directory, errno = 2)
EXIF package read failed for /nonexistent/268.JPG: PathNotFoundException: Cannot open file, path = '/nonexistent/268.JPG' (OS Error: No such file or directory, errno = 2)
EXIF package read failed for /nonexistent/269.JPG: PathNotFoundException: Cannot open file, path = '/nonexistent/269.JPG' (OS Error: No such file or directory, errno = 2)
EXIF package read failed for /nonexistent/270.JPG: PathNotFoundException: Cannot open file, path = '/nonexistent/270.JPG' (OS Error: No such file or directory, errno = 2)
EXIF package read failed for /nonexistent/271.JPG: PathNotFoundException: Cannot open file, path = '/nonexistent/271.JPG' (OS Error: No such file or directory, errno = 2)
EXIF package read failed for /nonexistent/272.JPG: PathNotFoundException: Cannot open file, path = '/nonexistent/272.JPG' (OS Error: No such file or directory, errno = 2)
EXIF package read failed for /nonexistent/273.JPG: PathNotFoundException: Cannot open file, path = '/nonexistent/273.JPG' (OS Error: No such file or directory, errno = 2)
EXIF package read failed for /nonexistent/274.JPG: PathNotFoundException: Cannot open file, path = '/nonexistent/274.JPG' (OS Error: No such file or directory, errno = 2)
EXIF package read failed for /nonexistent/275.JPG: PathNotFoundException: Cannot open file, path = '/nonexistent/275.JPG' (OS Error: No such file or directory, errno = 2)
EXIF package read failed for /nonexistent/276.JPG: PathNotFoundException: Cannot open file, path = '/nonexistent/276.JPG' (OS Error: No such file or directory, errno = 2)
EXIF package read failed for /nonexistent/277.JPG: PathNotFoundException: Cannot open file, path = '/nonexistent/277.JPG' (OS Error: No such file or directory, errno = 2)
EXIF package read failed for /nonexistent/278.JPG: PathNotFoundException: Cannot open file, path = '/nonexistent/278.JPG' (OS Error: No such file or directory, errno = 2)
EXIF package read failed for /nonexistent/279.JPG: PathNotFoundException: Cannot open file, path = '/nonexistent/279.JPG' (OS Error: No such file or directory, errno = 2)
EXIF package read failed for /nonexistent/280.JPG: PathNotFoundException: Cannot open file, path = '/nonexistent/280.JPG' (OS Error: No such file or directory, errno = 2)
EXIF package read failed for /nonexistent/281.JPG: PathNotFoundException: Cannot open file, path = '/nonexistent/281.JPG' (OS Error: No such file or directory, errno = 2)
EXIF package read failed for /nonexistent/282.JPG: PathNotFoundException: Cannot open file, path = '/nonexistent/282.JPG' (OS Error: No such file or directory, errno = 2)
EXIF package read failed for /nonexistent/283.JPG: PathNotFoundException: Cannot open file, path = '/nonexistent/283.JPG' (OS Error: No such file or directory, errno = 2)
EXIF package read failed for /nonexistent/284.JPG: PathNotFoundException: Cannot open file, path = '/nonexistent/284.JPG' (OS Error: No such file or directory, errno = 2)
EXIF package read failed for /nonexistent/285.JPG: PathNotFoundException: Cannot open file, path = '/nonexistent/285.JPG' (OS Error: No such file or directory, errno = 2)
EXIF package read failed for /nonexistent/286.JPG: PathNotFoundException: Cannot open file, path = '/nonexistent/286.JPG' (OS Error: No such file or directory, errno = 2)
EXIF package read failed for /nonexistent/287.JPG: PathNotFoundException: Cannot open file, path = '/nonexistent/287.JPG' (OS Error: No such file or directory, errno = 2)
EXIF package read failed for /nonexistent/288.JPG: PathNotFoundException: Cannot open file, path = '/nonexistent/288.JPG' (OS Error: No such file or directory, errno = 2)
EXIF package read failed for /nonexistent/289.JPG: PathNotFoundException: Cannot open file, path = '/nonexistent/289.JPG' (OS Error: No such file or directory, errno = 2)
EXIF package read failed for /nonexistent/290.JPG: PathNotFoundException: Cannot open file, path = '/nonexistent/290.JPG' (OS Error: No such file or directory, errno = 2)
EXIF package read failed for /nonexistent/291.JPG: PathNotFoundException: Cannot open file, path = '/nonexistent/291.JPG' (OS Error: No such file or directory, errno = 2)
EXIF package read failed for /nonexistent/292.JPG: PathNotFoundException: Cannot open file, path = '/nonexistent/292.JPG' (OS Error: No such file or directory, errno = 2)
EXIF package read failed for /nonexistent/293.JPG: PathNotFoundException: Cannot open file, path = '/nonexistent/293.JPG' (OS Error: No such file or directory, errno = 2)
EXIF package read failed for /nonexistent/294.JPG: PathNotFoundException: Cannot open file, path = '/nonexistent/294.JPG' (OS Error: No such file or directory, errno = 2)
EXIF package read failed for /nonexistent/295.JPG: PathNotFoundException: Cannot open file, path = '/nonexistent/295.JPG' (OS Error: No such file or directory, errno = 2)
EXIF package read failed for /nonexistent/296.JPG: PathNotFoundException: Cannot open file, path = '/nonexistent/296.JPG' (OS Error: No such file or directory, errno = 2)
EXIF package read failed for /nonexistent/297.JPG: PathNotFoundException: Cannot open file, path = '/nonexistent/297.JPG' (OS Error: No such file or directory, errno = 2)
EXIF package read failed for /nonexistent/298.JPG: PathNotFoundException: Cannot open file, path = '/nonexistent/298.JPG' (OS Error: No such file or directory, errno = 2)
EXIF package read failed for /nonexistent/299.JPG: PathNotFoundException: Cannot open file, path = '/nonexistent/299.JPG' (OS Error: No such file or directory, errno = 2)
EXIF package read failed for /nonexistent/300.JPG: PathNotFoundException: Cannot open file, path = '/nonexistent/300.JPG' (OS Error: No such file or directory, errno = 2)
EXIF package read failed for /nonexistent/301.JPG: PathNotFoundException: Cannot open file, path = '/nonexistent/301.JPG' (OS Error: No such file or directory, errno = 2)
EXIF package read failed for /nonexistent/302.JPG: PathNotFoundException: Cannot open file, path = '/nonexistent/302.JPG' (OS Error: No such file or directory, errno = 2)
EXIF package read failed for /nonexistent/303.JPG: PathNotFoundException: Cannot open file, path = '/nonexistent/303.JPG' (OS Error: No such file or directory, errno = 2)
EXIF package read failed for /nonexistent/304.JPG: PathNotFoundException: Cannot open file, path = '/nonexistent/304.JPG' (OS Error: No such file or directory, errno = 2)
EXIF package read failed for /nonexistent/305.JPG: PathNotFoundException: Cannot open file, path = '/nonexistent/305.JPG' (OS Error: No such file or directory, errno = 2)
EXIF package read failed for /nonexistent/306.JPG: PathNotFoundException: Cannot open file, path = '/nonexistent/306.JPG' (OS Error: No such file or directory, errno = 2)
EXIF package read failed for /nonexistent/307.JPG: PathNotFoundException: Cannot open file, path = '/nonexistent/307.JPG' (OS Error: No such file or directory, errno = 2)
EXIF package read failed for /nonexistent/308.JPG: PathNotFoundException: Cannot open file, path = '/nonexistent/308.JPG' (OS Error: No such file or directory, errno = 2)
EXIF package read failed for /nonexistent/309.JPG: PathNotFoundException: Cannot open file, path = '/nonexistent/309.JPG' (OS Error: No such file or directory, errno = 2)
EXIF package read failed for /nonexistent/310.JPG: PathNotFoundException: Cannot open file, path = '/nonexistent/310.JPG' (OS Error: No such file or directory, errno = 2)
EXIF package read failed for /nonexistent/311.JPG: PathNotFoundException: Cannot open file, path = '/nonexistent/311.JPG' (OS Error: No such file or directory, errno = 2)
EXIF package read failed for /nonexistent/312.JPG: PathNotFoundException: Cannot open file, path = '/nonexistent/312.JPG' (OS Error: No such file or directory, errno = 2)
EXIF package read failed for /nonexistent/313.JPG: PathNotFoundException: Cannot open file, path = '/nonexistent/313.JPG' (OS Error: No such file or directory, errno = 2)
EXIF package read failed for /nonexistent/314.JPG: PathNotFoundException: Cannot open file, path = '/nonexistent/314.JPG' (OS Error: No such file or directory, errno = 2)
EXIF package read failed for /nonexistent/315.JPG: PathNotFoundException: Cannot open file, path = '/nonexistent/315.JPG' (OS Error: No such file or directory, errno = 2)
EXIF package read failed for /nonexistent/316.JPG: PathNotFoundException: Cannot open file, path = '/nonexistent/316.JPG' (OS Error: No such file or directory, errno = 2)
EXIF package read failed for /nonexistent/317.JPG: PathNotFoundException: Cannot open file, path = '/nonexistent/317.JPG' (OS Error: No such file or directory, errno = 2)
EXIF package read failed for /nonexistent/318.JPG: PathNotFoundException: Cannot open file, path = '/nonexistent/318.JPG' (OS Error: No such file or directory, errno = 2)
EXIF package read failed for /nonexistent/319.JPG: PathNotFoundException: Cannot open file, path = '/nonexistent/319.JPG' (OS Error: No such file or directory, errno = 2)
EXIF package read failed for /nonexistent/320.JPG: PathNotFoundException: Cannot open file, path = '/nonexistent/320.JPG' (OS Error: No such file or directory, errno = 2)
EXIF package read failed for /nonexistent/321.JPG: PathNotFoundException: Cannot open file, path = '/nonexistent/321.JPG' (OS Error: No such file or directory, errno = 2)
EXIF package read failed for /nonexistent/322.JPG: PathNotFoundException: Cannot open file, path = '/nonexistent/322.JPG' (OS Error: No such file or directory, errno = 2)
EXIF package read failed for /nonexistent/323.JPG: PathNotFoundException: Cannot open file, path = '/nonexistent/323.JPG' (OS Error: No such file or directory, errno = 2)
EXIF package read failed for /nonexistent/324.JPG: PathNotFoundException: Cannot open file, path = '/nonexistent/324.JPG' (OS Error: No such file or directory, errno = 2)
EXIF package read failed for /nonexistent/325.JPG: PathNotFoundException: Cannot open file, path = '/nonexistent/325.JPG' (OS Error: No such file or directory, errno = 2)
EXIF package read failed for /nonexistent/326.JPG: PathNotFoundException: Cannot open file, path = '/nonexistent/326.JPG' (OS Error: No such file or directory, errno = 2)
EXIF package read failed for /nonexistent/327.JPG: PathNotFoundException: Cannot open file, path = '/nonexistent/327.JPG' (OS Error: No such file or directory, errno = 2)
EXIF package read failed for /nonexistent/328.JPG: PathNotFoundException: Cannot open file, path = '/nonexistent/328.JPG' (OS Error: No such file or directory, errno = 2)
EXIF package read failed for /nonexistent/329.JPG: PathNotFoundException: Cannot open file, path = '/nonexistent/329.JPG' (OS Error: No such file or directory, errno = 2)
EXIF package read failed for /nonexistent/330.JPG: PathNotFoundException: Cannot open file, path = '/nonexistent/330.JPG' (OS Error: No such file or directory, errno = 2)
EXIF package read failed for /nonexistent/331.JPG: PathNotFoundException: Cannot open file, path = '/nonexistent/331.JPG' (OS Error: No such file or directory, errno = 2)
EXIF package read failed for /nonexistent/332.JPG: PathNotFoundException: Cannot open file, path = '/nonexistent/332.JPG' (OS Error: No such file or directory, errno = 2)
EXIF package read failed for /nonexistent/333.JPG: PathNotFoundException: Cannot open file, path = '/nonexistent/333.JPG' (OS Error: No such file or directory, errno = 2)
EXIF package read failed for /nonexistent/334.JPG: PathNotFoundException: Cannot open file, path = '/nonexistent/334.JPG' (OS Error: No such file or directory, errno = 2)
EXIF package read failed for /nonexistent/335.JPG: PathNotFoundException: Cannot open file, path = '/nonexistent/335.JPG' (OS Error: No such file or directory, errno = 2)
EXIF package read failed for /nonexistent/336.JPG: PathNotFoundException: Cannot open file, path = '/nonexistent/336.JPG' (OS Error: No such file or directory, errno = 2)
EXIF package read failed for /nonexistent/337.JPG: PathNotFoundException: Cannot open file, path = '/nonexistent/337.JPG' (OS Error: No such file or directory, errno = 2)
EXIF package read failed for /nonexistent/338.JPG: PathNotFoundException: Cannot open file, path = '/nonexistent/338.JPG' (OS Error: No such file or directory, errno = 2)
EXIF package read failed for /nonexistent/339.JPG: PathNotFoundException: Cannot open file, path = '/nonexistent/339.JPG' (OS Error: No such file or directory, errno = 2)
EXIF package read failed for /nonexistent/340.JPG: PathNotFoundException: Cannot open file, path = '/nonexistent/340.JPG' (OS Error: No such file or directory, errno = 2)
EXIF package read failed for /nonexistent/341.JPG: PathNotFoundException: Cannot open file, path = '/nonexistent/341.JPG' (OS Error: No such file or directory, errno = 2)
EXIF package read failed for /nonexistent/342.JPG: PathNotFoundException: Cannot open file, path = '/nonexistent/342.JPG' (OS Error: No such file or directory, errno = 2)
EXIF package read failed for /nonexistent/343.JPG: PathNotFoundException: Cannot open file, path = '/nonexistent/343.JPG' (OS Error: No such file or directory, errno = 2)
EXIF package read failed for /nonexistent/344.JPG: PathNotFoundException: Cannot open file, path = '/nonexistent/344.JPG' (OS Error: No such file or directory, errno = 2)
EXIF package read failed for /nonexistent/345.JPG: PathNotFoundException: Cannot open file, path = '/nonexistent/345.JPG' (OS Error: No such file or directory, errno = 2)
EXIF package read failed for /nonexistent/346.JPG: PathNotFoundException: Cannot open file, path = '/nonexistent/346.JPG' (OS Error: No such file or directory, errno = 2)
EXIF package read failed for /nonexistent/347.JPG: PathNotFoundException: Cannot open file, path = '/nonexistent/347.JPG' (OS Error: No such file or directory, errno = 2)
EXIF package read failed for /nonexistent/348.JPG: PathNotFoundException: Cannot open file, path = '/nonexistent/348.JPG' (OS Error: No such file or directory, errno = 2)
EXIF package read failed for /nonexistent/349.JPG: PathNotFoundException: Cannot open file, path = '/nonexistent/349.JPG' (OS Error: No such file or directory, errno = 2)
EXIF package read failed for /nonexistent/350.JPG: PathNotFoundException: Cannot open file, path = '/nonexistent/350.JPG' (OS Error: No such file or directory, errno = 2)
EXIF package read failed for /nonexistent/351.JPG: PathNotFoundException: Cannot open file, path = '/nonexistent/351.JPG' (OS Error: No such file or directory, errno = 2)
EXIF package read failed for /nonexistent/352.JPG: PathNotFoundException: Cannot open file, path = '/nonexistent/352.JPG' (OS Error: No such file or directory, errno = 2)
EXIF package read failed for /nonexistent/353.JPG: PathNotFoundException: Cannot open file, path = '/nonexistent/353.JPG' (OS Error: No such file or directory, errno = 2)
EXIF package read failed for /nonexistent/354.JPG: PathNotFoundException: Cannot open file, path = '/nonexistent/354.JPG' (OS Error: No such file or directory, errno = 2)
EXIF package read failed for /nonexistent/356.JPG: PathNotFoundException: Cannot open file, path = '/nonexistent/356.JPG' (OS Error: No such file or directory, errno = 2)
EXIF package read failed for /nonexistent/355.JPG: PathNotFoundException: Cannot open file, path = '/nonexistent/355.JPG' (OS Error: No such file or directory, errno = 2)
EXIF package read failed for /nonexistent/357.JPG: PathNotFoundException: Cannot open file, path = '/nonexistent/357.JPG' (OS Error: No such file or directory, errno = 2)
EXIF package read failed for /nonexistent/358.JPG: PathNotFoundException: Cannot open file, path = '/nonexistent/358.JPG' (OS Error: No such file or directory, errno = 2)
EXIF package read failed for /nonexistent/359.JPG: PathNotFoundException: Cannot open file, path = '/nonexistent/359.JPG' (OS Error: No such file or directory, errno = 2)
EXIF package read failed for /nonexistent/360.JPG: PathNotFoundException: Cannot open file, path = '/nonexistent/360.JPG' (OS Error: No such file or directory, errno = 2)
EXIF package read failed for /nonexistent/361.JPG: PathNotFoundException: Cannot open file, path = '/nonexistent/361.JPG' (OS Error: No such file or directory, errno = 2)
EXIF package read failed for /nonexistent/362.JPG: PathNotFoundException: Cannot open file, path = '/nonexistent/362.JPG' (OS Error: No such file or directory, errno = 2)
EXIF package read failed for /nonexistent/363.JPG: PathNotFoundException: Cannot open file, path = '/nonexistent/363.JPG' (OS Error: No such file or directory, errno = 2)
EXIF package read failed for /nonexistent/364.JPG: PathNotFoundException: Cannot open file, path = '/nonexistent/364.JPG' (OS Error: No such file or directory, errno = 2)
EXIF package read failed for /nonexistent/365.JPG: PathNotFoundException: Cannot open file, path = '/nonexistent/365.JPG' (OS Error: No such file or directory, errno = 2)
EXIF package read failed for /nonexistent/366.JPG: PathNotFoundException: Cannot open file, path = '/nonexistent/366.JPG' (OS Error: No such file or directory, errno = 2)
EXIF package read failed for /nonexistent/367.JPG: PathNotFoundException: Cannot open file, path = '/nonexistent/367.JPG' (OS Error: No such file or directory, errno = 2)
EXIF package read failed for /nonexistent/368.JPG: PathNotFoundException: Cannot open file, path = '/nonexistent/368.JPG' (OS Error: No such file or directory, errno = 2)
EXIF package read failed for /nonexistent/369.JPG: PathNotFoundException: Cannot open file, path = '/nonexistent/369.JPG' (OS Error: No such file or directory, errno = 2)
EXIF package read failed for /nonexistent/370.JPG: PathNotFoundException: Cannot open file, path = '/nonexistent/370.JPG' (OS Error: No such file or directory, errno = 2)
EXIF package read failed for /nonexistent/371.JPG: PathNotFoundException: Cannot open file, path = '/nonexistent/371.JPG' (OS Error: No such file or directory, errno = 2)
EXIF package read failed for /nonexistent/372.JPG: PathNotFoundException: Cannot open file, path = '/nonexistent/372.JPG' (OS Error: No such file or directory, errno = 2)
EXIF package read failed for /nonexistent/373.JPG: PathNotFoundException: Cannot open file, path = '/nonexistent/373.JPG' (OS Error: No such file or directory, errno = 2)
EXIF package read failed for /nonexistent/374.JPG: PathNotFoundException: Cannot open file, path = '/nonexistent/374.JPG' (OS Error: No such file or directory, errno = 2)
EXIF package read failed for /nonexistent/375.JPG: PathNotFoundException: Cannot open file, path = '/nonexistent/375.JPG' (OS Error: No such file or directory, errno = 2)
EXIF package read failed for /nonexistent/376.JPG: PathNotFoundException: Cannot open file, path = '/nonexistent/376.JPG' (OS Error: No such file or directory, errno = 2)
EXIF package read failed for /nonexistent/377.JPG: PathNotFoundException: Cannot open file, path = '/nonexistent/377.JPG' (OS Error: No such file or directory, errno = 2)
EXIF package read failed for /nonexistent/378.JPG: PathNotFoundException: Cannot open file, path = '/nonexistent/378.JPG' (OS Error: No such file or directory, errno = 2)
EXIF package read failed for /nonexistent/379.JPG: PathNotFoundException: Cannot open file, path = '/nonexistent/379.JPG' (OS Error: No such file or directory, errno = 2)
EXIF package read failed for /nonexistent/380.JPG: PathNotFoundException: Cannot open file, path = '/nonexistent/380.JPG' (OS Error: No such file or directory, errno = 2)
EXIF package read failed for /nonexistent/381.JPG: PathNotFoundException: Cannot open file, path = '/nonexistent/381.JPG' (OS Error: No such file or directory, errno = 2)
EXIF package read failed for /nonexistent/382.JPG: PathNotFoundException: Cannot open file, path = '/nonexistent/382.JPG' (OS Error: No such file or directory, errno = 2)
EXIF package read failed for /nonexistent/383.JPG: PathNotFoundException: Cannot open file, path = '/nonexistent/383.JPG' (OS Error: No such file or directory, errno = 2)
EXIF package read failed for /nonexistent/384.JPG: PathNotFoundException: Cannot open file, path = '/nonexistent/384.JPG' (OS Error: No such file or directory, errno = 2)
EXIF package read failed for /nonexistent/385.JPG: PathNotFoundException: Cannot open file, path = '/nonexistent/385.JPG' (OS Error: No such file or directory, errno = 2)
EXIF package read failed for /nonexistent/386.JPG: PathNotFoundException: Cannot open file, path = '/nonexistent/386.JPG' (OS Error: No such file or directory, errno = 2)
EXIF package read failed for /nonexistent/387.JPG: PathNotFoundException: Cannot open file, path = '/nonexistent/387.JPG' (OS Error: No such file or directory, errno = 2)
EXIF package read failed for /nonexistent/388.JPG: PathNotFoundException: Cannot open file, path = '/nonexistent/388.JPG' (OS Error: No such file or directory, errno = 2)
EXIF package read failed for /nonexistent/389.JPG: PathNotFoundException: Cannot open file, path = '/nonexistent/389.JPG' (OS Error: No such file or directory, errno = 2)
EXIF package read failed for /nonexistent/390.JPG: PathNotFoundException: Cannot open file, path = '/nonexistent/390.JPG' (OS Error: No such file or directory, errno = 2)
EXIF package read failed for /nonexistent/391.JPG: PathNotFoundException: Cannot open file, path = '/nonexistent/391.JPG' (OS Error: No such file or directory, errno = 2)
EXIF package read failed for /nonexistent/392.JPG: PathNotFoundException: Cannot open file, path = '/nonexistent/392.JPG' (OS Error: No such file or directory, errno = 2)
EXIF package read failed for /nonexistent/393.JPG: PathNotFoundException: Cannot open file, path = '/nonexistent/393.JPG' (OS Error: No such file or directory, errno = 2)
EXIF package read failed for /nonexistent/394.JPG: PathNotFoundException: Cannot open file, path = '/nonexistent/394.JPG' (OS Error: No such file or directory, errno = 2)
EXIF package read failed for /nonexistent/395.JPG: PathNotFoundException: Cannot open file, path = '/nonexistent/395.JPG' (OS Error: No such file or directory, errno = 2)
EXIF package read failed for /nonexistent/396.JPG: PathNotFoundException: Cannot open file, path = '/nonexistent/396.JPG' (OS Error: No such file or directory, errno = 2)
EXIF package read failed for /nonexistent/397.JPG: PathNotFoundException: Cannot open file, path = '/nonexistent/397.JPG' (OS Error: No such file or directory, errno = 2)
EXIF package read failed for /nonexistent/398.JPG: PathNotFoundException: Cannot open file, path = '/nonexistent/398.JPG' (OS Error: No such file or directory, errno = 2)
EXIF package read failed for /nonexistent/399.JPG: PathNotFoundException: Cannot open file, path = '/nonexistent/399.JPG' (OS Error: No such file or directory, errno = 2)
EXIF package read failed for /nonexistent/400.JPG: PathNotFoundException: Cannot open file, path = '/nonexistent/400.JPG' (OS Error: No such file or directory, errno = 2)
EXIF package read failed for /nonexistent/401.JPG: PathNotFoundException: Cannot open file, path = '/nonexistent/401.JPG' (OS Error: No such file or directory, errno = 2)
EXIF package read failed for /nonexistent/402.JPG: PathNotFoundException: Cannot open file, path = '/nonexistent/402.JPG' (OS Error: No such file or directory, errno = 2)
EXIF package read failed for /nonexistent/403.JPG: PathNotFoundException: Cannot open file, path = '/nonexistent/403.JPG' (OS Error: No such file or directory, errno = 2)
EXIF package read failed for /nonexistent/404.JPG: PathNotFoundException: Cannot open file, path = '/nonexistent/404.JPG' (OS Error: No such file or directory, errno = 2)
EXIF package read failed for /nonexistent/405.JPG: PathNotFoundException: Cannot open file, path = '/nonexistent/405.JPG' (OS Error: No such file or directory, errno = 2)
EXIF package read failed for /nonexistent/406.JPG: PathNotFoundException: Cannot open file, path = '/nonexistent/406.JPG' (OS Error: No such file or directory, errno = 2)
EXIF package read failed for /nonexistent/407.JPG: PathNotFoundException: Cannot open file, path = '/nonexistent/407.JPG' (OS Error: No such file or directory, errno = 2)
EXIF package read failed for /nonexistent/408.JPG: PathNotFoundException: Cannot open file, path = '/nonexistent/408.JPG' (OS Error: No such file or directory, errno = 2)
EXIF package read failed for /nonexistent/409.JPG: PathNotFoundException: Cannot open file, path = '/nonexistent/409.JPG' (OS Error: No such file or directory, errno = 2)
EXIF package read failed for /nonexistent/410.JPG: PathNotFoundException: Cannot open file, path = '/nonexistent/410.JPG' (OS Error: No such file or directory, errno = 2)
EXIF package read failed for /nonexistent/411.JPG: PathNotFoundException: Cannot open file, path = '/nonexistent/411.JPG' (OS Error: No such file or directory, errno = 2)
EXIF package read failed for /nonexistent/412.JPG: PathNotFoundException: Cannot open file, path = '/nonexistent/412.JPG' (OS Error: No such file or directory, errno = 2)
EXIF package read failed for /nonexistent/413.JPG: PathNotFoundException: Cannot open file, path = '/nonexistent/413.JPG' (OS Error: No such file or directory, errno = 2)
EXIF package read failed for /nonexistent/414.JPG: PathNotFoundException: Cannot open file, path = '/nonexistent/414.JPG' (OS Error: No such file or directory, errno = 2)
EXIF package read failed for /nonexistent/415.JPG: PathNotFoundException: Cannot open file, path = '/nonexistent/415.JPG' (OS Error: No such file or directory, errno = 2)
EXIF package read failed for /nonexistent/416.JPG: PathNotFoundException: Cannot open file, path = '/nonexistent/416.JPG' (OS Error: No such file or directory, errno = 2)
EXIF package read failed for /nonexistent/417.JPG: PathNotFoundException: Cannot open file, path = '/nonexistent/417.JPG' (OS Error: No such file or directory, errno = 2)
EXIF package read failed for /nonexistent/418.JPG: PathNotFoundException: Cannot open file, path = '/nonexistent/418.JPG' (OS Error: No such file or directory, errno = 2)
EXIF package read failed for /nonexistent/419.JPG: PathNotFoundException: Cannot open file, path = '/nonexistent/419.JPG' (OS Error: No such file or directory, errno = 2)
EXIF package read failed for /nonexistent/420.JPG: PathNotFoundException: Cannot open file, path = '/nonexistent/420.JPG' (OS Error: No such file or directory, errno = 2)
EXIF package read failed for /nonexistent/421.JPG: PathNotFoundException: Cannot open file, path = '/nonexistent/421.JPG' (OS Error: No such file or directory, errno = 2)
EXIF package read failed for /nonexistent/422.JPG: PathNotFoundException: Cannot open file, path = '/nonexistent/422.JPG' (OS Error: No such file or directory, errno = 2)
EXIF package read failed for /nonexistent/423.JPG: PathNotFoundException: Cannot open file, path = '/nonexistent/423.JPG' (OS Error: No such file or directory, errno = 2)
EXIF package read failed for /nonexistent/424.JPG: PathNotFoundException: Cannot open file, path = '/nonexistent/424.JPG' (OS Error: No such file or directory, errno = 2)
EXIF package read failed for /nonexistent/425.JPG: PathNotFoundException: Cannot open file, path = '/nonexistent/425.JPG' (OS Error: No such file or directory, errno = 2)
EXIF package read failed for /nonexistent/426.JPG: PathNotFoundException: Cannot open file, path = '/nonexistent/426.JPG' (OS Error: No such file or directory, errno = 2)
EXIF package read failed for /nonexistent/427.JPG: PathNotFoundException: Cannot open file, path = '/nonexistent/427.JPG' (OS Error: No such file or directory, errno = 2)
EXIF package read failed for /nonexistent/428.JPG: PathNotFoundException: Cannot open file, path = '/nonexistent/428.JPG' (OS Error: No such file or directory, errno = 2)
EXIF package read failed for /nonexistent/429.JPG: PathNotFoundException: Cannot open file, path = '/nonexistent/429.JPG' (OS Error: No such file or directory, errno = 2)
EXIF package read failed for /nonexistent/430.JPG: PathNotFoundException: Cannot open file, path = '/nonexistent/430.JPG' (OS Error: No such file or directory, errno = 2)
EXIF package read failed for /nonexistent/431.JPG: PathNotFoundException: Cannot open file, path = '/nonexistent/431.JPG' (OS Error: No such file or directory, errno = 2)
EXIF package read failed for /nonexistent/432.JPG: PathNotFoundException: Cannot open file, path = '/nonexistent/432.JPG' (OS Error: No such file or directory, errno = 2)
EXIF package read failed for /nonexistent/433.JPG: PathNotFoundException: Cannot open file, path = '/nonexistent/433.JPG' (OS Error: No such file or directory, errno = 2)
EXIF package read failed for /nonexistent/434.JPG: PathNotFoundException: Cannot open file, path = '/nonexistent/434.JPG' (OS Error: No such file or directory, errno = 2)
EXIF package read failed for /nonexistent/435.JPG: PathNotFoundException: Cannot open file, path = '/nonexistent/435.JPG' (OS Error: No such file or directory, errno = 2)
EXIF package read failed for /nonexistent/436.JPG: PathNotFoundException: Cannot open file, path = '/nonexistent/436.JPG' (OS Error: No such file or directory, errno = 2)
EXIF package read failed for /nonexistent/437.JPG: PathNotFoundException: Cannot open file, path = '/nonexistent/437.JPG' (OS Error: No such file or directory, errno = 2)
EXIF package read failed for /nonexistent/438.JPG: PathNotFoundException: Cannot open file, path = '/nonexistent/438.JPG' (OS Error: No such file or directory, errno = 2)
EXIF package read failed for /nonexistent/439.JPG: PathNotFoundException: Cannot open file, path = '/nonexistent/439.JPG' (OS Error: No such file or directory, errno = 2)
EXIF package read failed for /nonexistent/440.JPG: PathNotFoundException: Cannot open file, path = '/nonexistent/440.JPG' (OS Error: No such file or directory, errno = 2)
EXIF package read failed for /nonexistent/441.JPG: PathNotFoundException: Cannot open file, path = '/nonexistent/441.JPG' (OS Error: No such file or directory, errno = 2)
EXIF package read failed for /nonexistent/442.JPG: PathNotFoundException: Cannot open file, path = '/nonexistent/442.JPG' (OS Error: No such file or directory, errno = 2)
EXIF package read failed for /nonexistent/443.JPG: PathNotFoundException: Cannot open file, path = '/nonexistent/443.JPG' (OS Error: No such file or directory, errno = 2)
EXIF package read failed for /nonexistent/444.JPG: PathNotFoundException: Cannot open file, path = '/nonexistent/444.JPG' (OS Error: No such file or directory, errno = 2)
EXIF package read failed for /nonexistent/445.JPG: PathNotFoundException: Cannot open file, path = '/nonexistent/445.JPG' (OS Error: No such file or directory, errno = 2)
EXIF package read failed for /nonexistent/446.JPG: PathNotFoundException: Cannot open file, path = '/nonexistent/446.JPG' (OS Error: No such file or directory, errno = 2)
EXIF package read failed for /nonexistent/447.JPG: PathNotFoundException: Cannot open file, path = '/nonexistent/447.JPG' (OS Error: No such file or directory, errno = 2)
EXIF package read failed for /nonexistent/448.JPG: PathNotFoundException: Cannot open file, path = '/nonexistent/448.JPG' (OS Error: No such file or directory, errno = 2)
EXIF package read failed for /nonexistent/449.JPG: PathNotFoundException: Cannot open file, path = '/nonexistent/449.JPG' (OS Error: No such file or directory, errno = 2)
EXIF package read failed for /nonexistent/450.JPG: PathNotFoundException: Cannot open file, path = '/nonexistent/450.JPG' (OS Error: No such file or directory, errno = 2)
EXIF package read failed for /nonexistent/451.JPG: PathNotFoundException: Cannot open file, path = '/nonexistent/451.JPG' (OS Error: No such file or directory, errno = 2)
EXIF package read failed for /nonexistent/452.JPG: PathNotFoundException: Cannot open file, path = '/nonexistent/452.JPG' (OS Error: No such file or directory, errno = 2)
EXIF package read failed for /nonexistent/453.JPG: PathNotFoundException: Cannot open file, path = '/nonexistent/453.JPG' (OS Error: No such file or directory, errno = 2)
EXIF package read failed for /nonexistent/454.JPG: PathNotFoundException: Cannot open file, path = '/nonexistent/454.JPG' (OS Error: No such file or directory, errno = 2)
EXIF package read failed for /nonexistent/455.JPG: PathNotFoundException: Cannot open file, path = '/nonexistent/455.JPG' (OS Error: No such file or directory, errno = 2)
EXIF package read failed for /nonexistent/456.JPG: PathNotFoundException: Cannot open file, path = '/nonexistent/456.JPG' (OS Error: No such file or directory, errno = 2)
EXIF package read failed for /nonexistent/457.JPG: PathNotFoundException: Cannot open file, path = '/nonexistent/457.JPG' (OS Error: No such file or directory, errno = 2)
EXIF package read failed for /nonexistent/458.JPG: PathNotFoundException: Cannot open file, path = '/nonexistent/458.JPG' (OS Error: No such file or directory, errno = 2)
EXIF package read failed for /nonexistent/459.JPG: PathNotFoundException: Cannot open file, path = '/nonexistent/459.JPG' (OS Error: No such file or directory, errno = 2)
EXIF package read failed for /nonexistent/460.JPG: PathNotFoundException: Cannot open file, path = '/nonexistent/460.JPG' (OS Error: No such file or directory, errno = 2)
EXIF package read failed for /nonexistent/461.JPG: PathNotFoundException: Cannot open file, path = '/nonexistent/461.JPG' (OS Error: No such file or directory, errno = 2)
EXIF package read failed for /nonexistent/462.JPG: PathNotFoundException: Cannot open file, path = '/nonexistent/462.JPG' (OS Error: No such file or directory, errno = 2)
EXIF package read failed for /nonexistent/463.JPG: PathNotFoundException: Cannot open file, path = '/nonexistent/463.JPG' (OS Error: No such file or directory, errno = 2)
EXIF package read failed for /nonexistent/464.JPG: PathNotFoundException: Cannot open file, path = '/nonexistent/464.JPG' (OS Error: No such file or directory, errno = 2)
EXIF package read failed for /nonexistent/465.JPG: PathNotFoundException: Cannot open file, path = '/nonexistent/465.JPG' (OS Error: No such file or directory, errno = 2)
EXIF package read failed for /nonexistent/466.JPG: PathNotFoundException: Cannot open file, path = '/nonexistent/466.JPG' (OS Error: No such file or directory, errno = 2)
EXIF package read failed for /nonexistent/467.JPG: PathNotFoundException: Cannot open file, path = '/nonexistent/467.JPG' (OS Error: No such file or directory, errno = 2)
EXIF package read failed for /nonexistent/468.JPG: PathNotFoundException: Cannot open file, path = '/nonexistent/468.JPG' (OS Error: No such file or directory, errno = 2)
EXIF package read failed for /nonexistent/469.JPG: PathNotFoundException: Cannot open file, path = '/nonexistent/469.JPG' (OS Error: No such file or directory, errno = 2)
EXIF package read failed for /nonexistent/470.JPG: PathNotFoundException: Cannot open file, path = '/nonexistent/470.JPG' (OS Error: No such file or directory, errno = 2)
EXIF package read failed for /nonexistent/471.JPG: PathNotFoundException: Cannot open file, path = '/nonexistent/471.JPG' (OS Error: No such file or directory, errno = 2)
EXIF package read failed for /nonexistent/472.JPG: PathNotFoundException: Cannot open file, path = '/nonexistent/472.JPG' (OS Error: No such file or directory, errno = 2)
EXIF package read failed for /nonexistent/473.JPG: PathNotFoundException: Cannot open file, path = '/nonexistent/473.JPG' (OS Error: No such file or directory, errno = 2)
EXIF package read failed for /nonexistent/474.JPG: PathNotFoundException: Cannot open file, path = '/nonexistent/474.JPG' (OS Error: No such file or directory, errno = 2)
EXIF package read failed for /nonexistent/475.JPG: PathNotFoundException: Cannot open file, path = '/nonexistent/475.JPG' (OS Error: No such file or directory, errno = 2)
EXIF package read failed for /nonexistent/476.JPG: PathNotFoundException: Cannot open file, path = '/nonexistent/476.JPG' (OS Error: No such file or directory, errno = 2)
EXIF package read failed for /nonexistent/477.JPG: PathNotFoundException: Cannot open file, path = '/nonexistent/477.JPG' (OS Error: No such file or directory, errno = 2)
EXIF package read failed for /nonexistent/478.JPG: PathNotFoundException: Cannot open file, path = '/nonexistent/478.JPG' (OS Error: No such file or directory, errno = 2)
EXIF package read failed for /nonexistent/479.JPG: PathNotFoundException: Cannot open file, path = '/nonexistent/479.JPG' (OS Error: No such file or directory, errno = 2)
EXIF package read failed for /nonexistent/480.JPG: PathNotFoundException: Cannot open file, path = '/nonexistent/480.JPG' (OS Error: No such file or directory, errno = 2)
EXIF package read failed for /nonexistent/481.JPG: PathNotFoundException: Cannot open file, path = '/nonexistent/481.JPG' (OS Error: No such file or directory, errno = 2)
EXIF package read failed for /nonexistent/482.JPG: PathNotFoundException: Cannot open file, path = '/nonexistent/482.JPG' (OS Error: No such file or directory, errno = 2)
EXIF package read failed for /nonexistent/483.JPG: PathNotFoundException: Cannot open file, path = '/nonexistent/483.JPG' (OS Error: No such file or directory, errno = 2)
EXIF package read failed for /nonexistent/484.JPG: PathNotFoundException: Cannot open file, path = '/nonexistent/484.JPG' (OS Error: No such file or directory, errno = 2)
EXIF package read failed for /nonexistent/485.JPG: PathNotFoundException: Cannot open file, path = '/nonexistent/485.JPG' (OS Error: No such file or directory, errno = 2)
EXIF package read failed for /nonexistent/486.JPG: PathNotFoundException: Cannot open file, path = '/nonexistent/486.JPG' (OS Error: No such file or directory, errno = 2)
EXIF package read failed for /nonexistent/487.JPG: PathNotFoundException: Cannot open file, path = '/nonexistent/487.JPG' (OS Error: No such file or directory, errno = 2)
EXIF package read failed for /nonexistent/488.JPG: PathNotFoundException: Cannot open file, path = '/nonexistent/488.JPG' (OS Error: No such file or directory, errno = 2)
EXIF package read failed for /nonexistent/489.JPG: PathNotFoundException: Cannot open file, path = '/nonexistent/489.JPG' (OS Error: No such file or directory, errno = 2)
EXIF package read failed for /nonexistent/490.JPG: PathNotFoundException: Cannot open file, path = '/nonexistent/490.JPG' (OS Error: No such file or directory, errno = 2)
EXIF package read failed for /nonexistent/491.JPG: PathNotFoundException: Cannot open file, path = '/nonexistent/491.JPG' (OS Error: No such file or directory, errno = 2)
EXIF package read failed for /nonexistent/492.JPG: PathNotFoundException: Cannot open file, path = '/nonexistent/492.JPG' (OS Error: No such file or directory, errno = 2)
EXIF package read failed for /nonexistent/493.JPG: PathNotFoundException: Cannot open file, path = '/nonexistent/493.JPG' (OS Error: No such file or directory, errno = 2)
EXIF package read failed for /nonexistent/494.JPG: PathNotFoundException: Cannot open file, path = '/nonexistent/494.JPG' (OS Error: No such file or directory, errno = 2)
EXIF package read failed for /nonexistent/495.JPG: PathNotFoundException: Cannot open file, path = '/nonexistent/495.JPG' (OS Error: No such file or directory, errno = 2)
EXIF package read failed for /nonexistent/496.JPG: PathNotFoundException: Cannot open file, path = '/nonexistent/496.JPG' (OS Error: No such file or directory, errno = 2)
EXIF package read failed for /nonexistent/497.JPG: PathNotFoundException: Cannot open file, path = '/nonexistent/497.JPG' (OS Error: No such file or directory, errno = 2)
EXIF package read failed for /nonexistent/498.JPG: PathNotFoundException: Cannot open file, path = '/nonexistent/498.JPG' (OS Error: No such file or directory, errno = 2)
EXIF package read failed for /nonexistent/499.JPG: PathNotFoundException: Cannot open file, path = '/nonexistent/499.JPG' (OS Error: No such file or directory, errno = 2)
EXIF package read failed for /nonexistent/500.JPG: PathNotFoundException: Cannot open file, path = '/nonexistent/500.JPG' (OS Error: No such file or directory, errno = 2)
EXIF package read failed for /nonexistent/502.JPG: PathNotFoundException: Cannot open file, path = '/nonexistent/502.JPG' (OS Error: No such file or directory, errno = 2)
EXIF package read failed for /nonexistent/501.JPG: PathNotFoundException: Cannot open file, path = '/nonexistent/501.JPG' (OS Error: No such file or directory, errno = 2)
EXIF package read failed for /nonexistent/503.JPG: PathNotFoundException: Cannot open file, path = '/nonexistent/503.JPG' (OS Error: No such file or directory, errno = 2)
EXIF package read failed for /nonexistent/504.JPG: PathNotFoundException: Cannot open file, path = '/nonexistent/504.JPG' (OS Error: No such file or directory, errno = 2)
EXIF package read failed for /nonexistent/505.JPG: PathNotFoundException: Cannot open file, path = '/nonexistent/505.JPG' (OS Error: No such file or directory, errno = 2)
EXIF package read failed for /nonexistent/506.JPG: PathNotFoundException: Cannot open file, path = '/nonexistent/506.JPG' (OS Error: No such file or directory, errno = 2)
EXIF package read failed for /nonexistent/507.JPG: PathNotFoundException: Cannot open file, path = '/nonexistent/507.JPG' (OS Error: No such file or directory, errno = 2)
EXIF package read failed for /nonexistent/508.JPG: PathNotFoundException: Cannot open file, path = '/nonexistent/508.JPG' (OS Error: No such file or directory, errno = 2)
EXIF package read failed for /nonexistent/509.JPG: PathNotFoundException: Cannot open file, path = '/nonexistent/509.JPG' (OS Error: No such file or directory, errno = 2)
EXIF package read failed for /nonexistent/510.JPG: PathNotFoundException: Cannot open file, path = '/nonexistent/510.JPG' (OS Error: No such file or directory, errno = 2)
EXIF package read failed for /nonexistent/511.JPG: PathNotFoundException: Cannot open file, path = '/nonexistent/511.JPG' (OS Error: No such file or directory, errno = 2)
EXIF package read failed for /nonexistent/512.JPG: PathNotFoundException: Cannot open file, path = '/nonexistent/512.JPG' (OS Error: No such file or directory, errno = 2)
EXIF package read failed for /nonexistent/513.JPG: PathNotFoundException: Cannot open file, path = '/nonexistent/513.JPG' (OS Error: No such file or directory, errno = 2)
EXIF package read failed for /nonexistent/514.JPG: PathNotFoundException: Cannot open file, path = '/nonexistent/514.JPG' (OS Error: No such file or directory, errno = 2)
EXIF package read failed for /nonexistent/515.JPG: PathNotFoundException: Cannot open file, path = '/nonexistent/515.JPG' (OS Error: No such file or directory, errno = 2)
EXIF package read failed for /nonexistent/516.JPG: PathNotFoundException: Cannot open file, path = '/nonexistent/516.JPG' (OS Error: No such file or directory, errno = 2)
EXIF package read failed for /nonexistent/517.JPG: PathNotFoundException: Cannot open file, path = '/nonexistent/517.JPG' (OS Error: No such file or directory, errno = 2)
EXIF package read failed for /nonexistent/518.JPG: PathNotFoundException: Cannot open file, path = '/nonexistent/518.JPG' (OS Error: No such file or directory, errno = 2)
EXIF package read failed for /nonexistent/519.JPG: PathNotFoundException: Cannot open file, path = '/nonexistent/519.JPG' (OS Error: No such file or directory, errno = 2)
EXIF package read failed for /nonexistent/520.JPG: PathNotFoundException: Cannot open file, path = '/nonexistent/520.JPG' (OS Error: No such file or directory, errno = 2)
EXIF package read failed for /nonexistent/521.JPG: PathNotFoundException: Cannot open file, path = '/nonexistent/521.JPG' (OS Error: No such file or directory, errno = 2)
EXIF package read failed for /nonexistent/522.JPG: PathNotFoundException: Cannot open file, path = '/nonexistent/522.JPG' (OS Error: No such file or directory, errno = 2)
EXIF package read failed for /nonexistent/523.JPG: PathNotFoundException: Cannot open file, path = '/nonexistent/523.JPG' (OS Error: No such file or directory, errno = 2)
EXIF package read failed for /nonexistent/524.JPG: PathNotFoundException: Cannot open file, path = '/nonexistent/524.JPG' (OS Error: No such file or directory, errno = 2)
EXIF package read failed for /nonexistent/525.JPG: PathNotFoundException: Cannot open file, path = '/nonexistent/525.JPG' (OS Error: No such file or directory, errno = 2)
EXIF package read failed for /nonexistent/526.JPG: PathNotFoundException: Cannot open file, path = '/nonexistent/526.JPG' (OS Error: No such file or directory, errno = 2)
EXIF package read failed for /nonexistent/527.JPG: PathNotFoundException: Cannot open file, path = '/nonexistent/527.JPG' (OS Error: No such file or directory, errno = 2)
EXIF package read failed for /nonexistent/528.JPG: PathNotFoundException: Cannot open file, path = '/nonexistent/528.JPG' (OS Error: No such file or directory, errno = 2)
EXIF package read failed for /nonexistent/529.JPG: PathNotFoundException: Cannot open file, path = '/nonexistent/529.JPG' (OS Error: No such file or directory, errno = 2)
EXIF package read failed for /nonexistent/530.JPG: PathNotFoundException: Cannot open file, path = '/nonexistent/530.JPG' (OS Error: No such file or directory, errno = 2)
EXIF package read failed for /nonexistent/531.JPG: PathNotFoundException: Cannot open file, path = '/nonexistent/531.JPG' (OS Error: No such file or directory, errno = 2)
EXIF package read failed for /nonexistent/532.JPG: PathNotFoundException: Cannot open file, path = '/nonexistent/532.JPG' (OS Error: No such file or directory, errno = 2)
EXIF package read failed for /nonexistent/533.JPG: PathNotFoundException: Cannot open file, path = '/nonexistent/533.JPG' (OS Error: No such file or directory, errno = 2)
EXIF package read failed for /nonexistent/534.JPG: PathNotFoundException: Cannot open file, path = '/nonexistent/534.JPG' (OS Error: No such file or directory, errno = 2)
EXIF package read failed for /nonexistent/535.JPG: PathNotFoundException: Cannot open file, path = '/nonexistent/535.JPG' (OS Error: No such file or directory, errno = 2)
EXIF package read failed for /nonexistent/536.JPG: PathNotFoundException: Cannot open file, path = '/nonexistent/536.JPG' (OS Error: No such file or directory, errno = 2)
EXIF package read failed for /nonexistent/537.JPG: PathNotFoundException: Cannot open file, path = '/nonexistent/537.JPG' (OS Error: No such file or directory, errno = 2)
EXIF package read failed for /nonexistent/538.JPG: PathNotFoundException: Cannot open file, path = '/nonexistent/538.JPG' (OS Error: No such file or directory, errno = 2)
EXIF package read failed for /nonexistent/539.JPG: PathNotFoundException: Cannot open file, path = '/nonexistent/539.JPG' (OS Error: No such file or directory, errno = 2)
EXIF package read failed for /nonexistent/540.JPG: PathNotFoundException: Cannot open file, path = '/nonexistent/540.JPG' (OS Error: No such file or directory, errno = 2)
EXIF package read failed for /nonexistent/541.JPG: PathNotFoundException: Cannot open file, path = '/nonexistent/541.JPG' (OS Error: No such file or directory, errno = 2)
EXIF package read failed for /nonexistent/542.JPG: PathNotFoundException: Cannot open file, path = '/nonexistent/542.JPG' (OS Error: No such file or directory, errno = 2)
EXIF package read failed for /nonexistent/543.JPG: PathNotFoundException: Cannot open file, path = '/nonexistent/543.JPG' (OS Error: No such file or directory, errno = 2)
EXIF package read failed for /nonexistent/544.JPG: PathNotFoundException: Cannot open file, path = '/nonexistent/544.JPG' (OS Error: No such file or directory, errno = 2)
EXIF package read failed for /nonexistent/545.JPG: PathNotFoundException: Cannot open file, path = '/nonexistent/545.JPG' (OS Error: No such file or directory, errno = 2)
EXIF package read failed for /nonexistent/546.JPG: PathNotFoundException: Cannot open file, path = '/nonexistent/546.JPG' (OS Error: No such file or directory, errno = 2)
EXIF package read failed for /nonexistent/547.JPG: PathNotFoundException: Cannot open file, path = '/nonexistent/547.JPG' (OS Error: No such file or directory, errno = 2)
EXIF package read failed for /nonexistent/548.JPG: PathNotFoundException: Cannot open file, path = '/nonexistent/548.JPG' (OS Error: No such file or directory, errno = 2)
EXIF package read failed for /nonexistent/549.JPG: PathNotFoundException: Cannot open file, path = '/nonexistent/549.JPG' (OS Error: No such file or directory, errno = 2)
EXIF package read failed for /nonexistent/550.JPG: PathNotFoundException: Cannot open file, path = '/nonexistent/550.JPG' (OS Error: No such file or directory, errno = 2)
EXIF package read failed for /nonexistent/551.JPG: PathNotFoundException: Cannot open file, path = '/nonexistent/551.JPG' (OS Error: No such file or directory, errno = 2)
EXIF package read failed for /nonexistent/552.JPG: PathNotFoundException: Cannot open file, path = '/nonexistent/552.JPG' (OS Error: No such file or directory, errno = 2)
EXIF package read failed for /nonexistent/553.JPG: PathNotFoundException: Cannot open file, path = '/nonexistent/553.JPG' (OS Error: No such file or directory, errno = 2)
EXIF package read failed for /nonexistent/554.JPG: PathNotFoundException: Cannot open file, path = '/nonexistent/554.JPG' (OS Error: No such file or directory, errno = 2)
EXIF package read failed for /nonexistent/555.JPG: PathNotFoundException: Cannot open file, path = '/nonexistent/555.JPG' (OS Error: No such file or directory, errno = 2)
EXIF package read failed for /nonexistent/556.JPG: PathNotFoundException: Cannot open file, path = '/nonexistent/556.JPG' (OS Error: No such file or directory, errno = 2)
EXIF package read failed for /nonexistent/557.JPG: PathNotFoundException: Cannot open file, path = '/nonexistent/557.JPG' (OS Error: No such file or directory, errno = 2)
EXIF package read failed for /nonexistent/558.JPG: PathNotFoundException: Cannot open file, path = '/nonexistent/558.JPG' (OS Error: No such file or directory, errno = 2)
EXIF package read failed for /nonexistent/559.JPG: PathNotFoundException: Cannot open file, path = '/nonexistent/559.JPG' (OS Error: No such file or directory, errno = 2)
EXIF package read failed for /nonexistent/560.JPG: PathNotFoundException: Cannot open file, path = '/nonexistent/560.JPG' (OS Error: No such file or directory, errno = 2)
EXIF package read failed for /nonexistent/561.JPG: PathNotFoundException: Cannot open file, path = '/nonexistent/561.JPG' (OS Error: No such file or directory, errno = 2)
EXIF package read failed for /nonexistent/562.JPG: PathNotFoundException: Cannot open file, path = '/nonexistent/562.JPG' (OS Error: No such file or directory, errno = 2)
EXIF package read failed for /nonexistent/563.JPG: PathNotFoundException: Cannot open file, path = '/nonexistent/563.JPG' (OS Error: No such file or directory, errno = 2)
EXIF package read failed for /nonexistent/564.JPG: PathNotFoundException: Cannot open file, path = '/nonexistent/564.JPG' (OS Error: No such file or directory, errno = 2)
EXIF package read failed for /nonexistent/565.JPG: PathNotFoundException: Cannot open file, path = '/nonexistent/565.JPG' (OS Error: No such file or directory, errno = 2)
EXIF package read failed for /nonexistent/566.JPG: PathNotFoundException: Cannot open file, path = '/nonexistent/566.JPG' (OS Error: No such file or directory, errno = 2)
EXIF package read failed for /nonexistent/567.JPG: PathNotFoundException: Cannot open file, path = '/nonexistent/567.JPG' (OS Error: No such file or directory, errno = 2)
EXIF package read failed for /nonexistent/568.JPG: PathNotFoundException: Cannot open file, path = '/nonexistent/568.JPG' (OS Error: No such file or directory, errno = 2)
EXIF package read failed for /nonexistent/569.JPG: PathNotFoundException: Cannot open file, path = '/nonexistent/569.JPG' (OS Error: No such file or directory, errno = 2)
EXIF package read failed for /nonexistent/570.JPG: PathNotFoundException: Cannot open file, path = '/nonexistent/570.JPG' (OS Error: No such file or directory, errno = 2)
EXIF package read failed for /nonexistent/571.JPG: PathNotFoundException: Cannot open file, path = '/nonexistent/571.JPG' (OS Error: No such file or directory, errno = 2)
EXIF package read failed for /nonexistent/572.JPG: PathNotFoundException: Cannot open file, path = '/nonexistent/572.JPG' (OS Error: No such file or directory, errno = 2)
EXIF package read failed for /nonexistent/573.JPG: PathNotFoundException: Cannot open file, path = '/nonexistent/573.JPG' (OS Error: No such file or directory, errno = 2)
EXIF package read failed for /nonexistent/574.JPG: PathNotFoundException: Cannot open file, path = '/nonexistent/574.JPG' (OS Error: No such file or directory, errno = 2)
EXIF package read failed for /nonexistent/575.JPG: PathNotFoundException: Cannot open file, path = '/nonexistent/575.JPG' (OS Error: No such file or directory, errno = 2)
EXIF package read failed for /nonexistent/576.JPG: PathNotFoundException: Cannot open file, path = '/nonexistent/576.JPG' (OS Error: No such file or directory, errno = 2)
EXIF package read failed for /nonexistent/577.JPG: PathNotFoundException: Cannot open file, path = '/nonexistent/577.JPG' (OS Error: No such file or directory, errno = 2)
EXIF package read failed for /nonexistent/578.JPG: PathNotFoundException: Cannot open file, path = '/nonexistent/578.JPG' (OS Error: No such file or directory, errno = 2)
EXIF package read failed for /nonexistent/579.JPG: PathNotFoundException: Cannot open file, path = '/nonexistent/579.JPG' (OS Error: No such file or directory, errno = 2)
EXIF package read failed for /nonexistent/580.JPG: PathNotFoundException: Cannot open file, path = '/nonexistent/580.JPG' (OS Error: No such file or directory, errno = 2)
EXIF package read failed for /nonexistent/581.JPG: PathNotFoundException: Cannot open file, path = '/nonexistent/581.JPG' (OS Error: No such file or directory, errno = 2)
EXIF package read failed for /nonexistent/582.JPG: PathNotFoundException: Cannot open file, path = '/nonexistent/582.JPG' (OS Error: No such file or directory, errno = 2)
EXIF package read failed for /nonexistent/583.JPG: PathNotFoundException: Cannot open file, path = '/nonexistent/583.JPG' (OS Error: No such file or directory, errno = 2)
EXIF package read failed for /nonexistent/584.JPG: PathNotFoundException: Cannot open file, path = '/nonexistent/584.JPG' (OS Error: No such file or directory, errno = 2)
EXIF package read failed for /nonexistent/585.JPG: PathNotFoundException: Cannot open file, path = '/nonexistent/585.JPG' (OS Error: No such file or directory, errno = 2)
EXIF package read failed for /nonexistent/586.JPG: PathNotFoundException: Cannot open file, path = '/nonexistent/586.JPG' (OS Error: No such file or directory, errno = 2)
EXIF package read failed for /nonexistent/587.JPG: PathNotFoundException: Cannot open file, path = '/nonexistent/587.JPG' (OS Error: No such file or directory, errno = 2)
EXIF package read failed for /nonexistent/588.JPG: PathNotFoundException: Cannot open file, path = '/nonexistent/588.JPG' (OS Error: No such file or directory, errno = 2)
EXIF package read failed for /nonexistent/589.JPG: PathNotFoundException: Cannot open file, path = '/nonexistent/589.JPG' (OS Error: No such file or directory, errno = 2)
EXIF package read failed for /nonexistent/590.JPG: PathNotFoundException: Cannot open file, path = '/nonexistent/590.JPG' (OS Error: No such file or directory, errno = 2)
EXIF package read failed for /nonexistent/591.JPG: PathNotFoundException: Cannot open file, path = '/nonexistent/591.JPG' (OS Error: No such file or directory, errno = 2)
EXIF package read failed for /nonexistent/592.JPG: PathNotFoundException: Cannot open file, path = '/nonexistent/592.JPG' (OS Error: No such file or directory, errno = 2)
EXIF package read failed for /nonexistent/593.JPG: PathNotFoundException: Cannot open file, path = '/nonexistent/593.JPG' (OS Error: No such file or directory, errno = 2)
EXIF package read failed for /nonexistent/594.JPG: PathNotFoundException: Cannot open file, path = '/nonexistent/594.JPG' (OS Error: No such file or directory, errno = 2)
EXIF package read failed for /nonexistent/595.JPG: PathNotFoundException: Cannot open file, path = '/nonexistent/595.JPG' (OS Error: No such file or directory, errno = 2)
EXIF package read failed for /nonexistent/596.JPG: PathNotFoundException: Cannot open file, path = '/nonexistent/596.JPG' (OS Error: No such file or directory, errno = 2)
EXIF package read failed for /nonexistent/597.JPG: PathNotFoundException: Cannot open file, path = '/nonexistent/597.JPG' (OS Error: No such file or directory, errno = 2)
EXIF package read failed for /nonexistent/598.JPG: PathNotFoundException: Cannot open file, path = '/nonexistent/598.JPG' (OS Error: No such file or directory, errno = 2)
EXIF package read failed for /nonexistent/599.JPG: PathNotFoundException: Cannot open file, path = '/nonexistent/599.JPG' (OS Error: No such file or directory, errno = 2)
EXIF package read failed for /nonexistent/600.JPG: PathNotFoundException: Cannot open file, path = '/nonexistent/600.JPG' (OS Error: No such file or directory, errno = 2)
EXIF package read failed for /nonexistent/601.JPG: PathNotFoundException: Cannot open file, path = '/nonexistent/601.JPG' (OS Error: No such file or directory, errno = 2)
EXIF package read failed for /nonexistent/602.JPG: PathNotFoundException: Cannot open file, path = '/nonexistent/602.JPG' (OS Error: No such file or directory, errno = 2)
EXIF package read failed for /nonexistent/603.JPG: PathNotFoundException: Cannot open file, path = '/nonexistent/603.JPG' (OS Error: No such file or directory, errno = 2)
EXIF package read failed for /nonexistent/604.JPG: PathNotFoundException: Cannot open file, path = '/nonexistent/604.JPG' (OS Error: No such file or directory, errno = 2)
EXIF package read failed for /nonexistent/605.JPG: PathNotFoundException: Cannot open file, path = '/nonexistent/605.JPG' (OS Error: No such file or directory, errno = 2)
EXIF package read failed for /nonexistent/606.JPG: PathNotFoundException: Cannot open file, path = '/nonexistent/606.JPG' (OS Error: No such file or directory, errno = 2)
EXIF package read failed for /nonexistent/607.JPG: PathNotFoundException: Cannot open file, path = '/nonexistent/607.JPG' (OS Error: No such file or directory, errno = 2)
EXIF package read failed for /nonexistent/608.JPG: PathNotFoundException: Cannot open file, path = '/nonexistent/608.JPG' (OS Error: No such file or directory, errno = 2)
EXIF package read failed for /nonexistent/609.JPG: PathNotFoundException: Cannot open file, path = '/nonexistent/609.JPG' (OS Error: No such file or directory, errno = 2)
EXIF package read failed for /nonexistent/610.JPG: PathNotFoundException: Cannot open file, path = '/nonexistent/610.JPG' (OS Error: No such file or directory, errno = 2)
EXIF package read failed for /nonexistent/611.JPG: PathNotFoundException: Cannot open file, path = '/nonexistent/611.JPG' (OS Error: No such file or directory, errno = 2)
EXIF package read failed for /nonexistent/612.JPG: PathNotFoundException: Cannot open file, path = '/nonexistent/612.JPG' (OS Error: No such file or directory, errno = 2)
EXIF package read failed for /nonexistent/613.JPG: PathNotFoundException: Cannot open file, path = '/nonexistent/613.JPG' (OS Error: No such file or directory, errno = 2)
EXIF package read failed for /nonexistent/614.JPG: PathNotFoundException: Cannot open file, path = '/nonexistent/614.JPG' (OS Error: No such file or directory, errno = 2)
EXIF package read failed for /nonexistent/615.JPG: PathNotFoundException: Cannot open file, path = '/nonexistent/615.JPG' (OS Error: No such file or directory, errno = 2)
EXIF package read failed for /nonexistent/616.JPG: PathNotFoundException: Cannot open file, path = '/nonexistent/616.JPG' (OS Error: No such file or directory, errno = 2)
EXIF package read failed for /nonexistent/617.JPG: PathNotFoundException: Cannot open file, path = '/nonexistent/617.JPG' (OS Error: No such file or directory, errno = 2)
EXIF package read failed for /nonexistent/618.JPG: PathNotFoundException: Cannot open file, path = '/nonexistent/618.JPG' (OS Error: No such file or directory, errno = 2)
EXIF package read failed for /nonexistent/619.JPG: PathNotFoundException: Cannot open file, path = '/nonexistent/619.JPG' (OS Error: No such file or directory, errno = 2)
EXIF package read failed for /nonexistent/620.JPG: PathNotFoundException: Cannot open file, path = '/nonexistent/620.JPG' (OS Error: No such file or directory, errno = 2)
EXIF package read failed for /nonexistent/621.JPG: PathNotFoundException: Cannot open file, path = '/nonexistent/621.JPG' (OS Error: No such file or directory, errno = 2)
EXIF package read failed for /nonexistent/622.JPG: PathNotFoundException: Cannot open file, path = '/nonexistent/622.JPG' (OS Error: No such file or directory, errno = 2)
EXIF package read failed for /nonexistent/623.JPG: PathNotFoundException: Cannot open file, path = '/nonexistent/623.JPG' (OS Error: No such file or directory, errno = 2)
EXIF package read failed for /nonexistent/624.JPG: PathNotFoundException: Cannot open file, path = '/nonexistent/624.JPG' (OS Error: No such file or directory, errno = 2)
EXIF package read failed for /nonexistent/625.JPG: PathNotFoundException: Cannot open file, path = '/nonexistent/625.JPG' (OS Error: No such file or directory, errno = 2)
EXIF package read failed for /nonexistent/626.JPG: PathNotFoundException: Cannot open file, path = '/nonexistent/626.JPG' (OS Error: No such file or directory, errno = 2)
EXIF package read failed for /nonexistent/627.JPG: PathNotFoundException: Cannot open file, path = '/nonexistent/627.JPG' (OS Error: No such file or directory, errno = 2)
EXIF package read failed for /nonexistent/628.JPG: PathNotFoundException: Cannot open file, path = '/nonexistent/628.JPG' (OS Error: No such file or directory, errno = 2)
EXIF package read failed for /nonexistent/629.JPG: PathNotFoundException: Cannot open file, path = '/nonexistent/629.JPG' (OS Error: No such file or directory, errno = 2)
EXIF package read failed for /nonexistent/630.JPG: PathNotFoundException: Cannot open file, path = '/nonexistent/630.JPG' (OS Error: No such file or directory, errno = 2)
EXIF package read failed for /nonexistent/631.JPG: PathNotFoundException: Cannot open file, path = '/nonexistent/631.JPG' (OS Error: No such file or directory, errno = 2)
EXIF package read failed for /nonexistent/632.JPG: PathNotFoundException: Cannot open file, path = '/nonexistent/632.JPG' (OS Error: No such file or directory, errno = 2)
EXIF package read failed for /nonexistent/633.JPG: PathNotFoundException: Cannot open file, path = '/nonexistent/633.JPG' (OS Error: No such file or directory, errno = 2)
EXIF package read failed for /nonexistent/634.JPG: PathNotFoundException: Cannot open file, path = '/nonexistent/634.JPG' (OS Error: No such file or directory, errno = 2)
EXIF package read failed for /nonexistent/635.JPG: PathNotFoundException: Cannot open file, path = '/nonexistent/635.JPG' (OS Error: No such file or directory, errno = 2)
EXIF package read failed for /nonexistent/636.JPG: PathNotFoundException: Cannot open file, path = '/nonexistent/636.JPG' (OS Error: No such file or directory, errno = 2)
EXIF package read failed for /nonexistent/638.JPG: PathNotFoundException: Cannot open file, path = '/nonexistent/638.JPG' (OS Error: No such file or directory, errno = 2)
EXIF package read failed for /nonexistent/637.JPG: PathNotFoundException: Cannot open file, path = '/nonexistent/637.JPG' (OS Error: No such file or directory, errno = 2)
EXIF package read failed for /nonexistent/639.JPG: PathNotFoundException: Cannot open file, path = '/nonexistent/639.JPG' (OS Error: No such file or directory, errno = 2)
EXIF package read failed for /nonexistent/641.JPG: PathNotFoundException: Cannot open file, path = '/nonexistent/641.JPG' (OS Error: No such file or directory, errno = 2)
EXIF package read failed for /nonexistent/640.JPG: PathNotFoundException: Cannot open file, path = '/nonexistent/640.JPG' (OS Error: No such file or directory, errno = 2)
EXIF package read failed for /nonexistent/642.JPG: PathNotFoundException: Cannot open file, path = '/nonexistent/642.JPG' (OS Error: No such file or directory, errno = 2)
EXIF package read failed for /nonexistent/643.JPG: PathNotFoundException: Cannot open file, path = '/nonexistent/643.JPG' (OS Error: No such file or directory, errno = 2)
EXIF package read failed for /nonexistent/644.JPG: PathNotFoundException: Cannot open file, path = '/nonexistent/644.JPG' (OS Error: No such file or directory, errno = 2)
EXIF package read failed for /nonexistent/645.JPG: PathNotFoundException: Cannot open file, path = '/nonexistent/645.JPG' (OS Error: No such file or directory, errno = 2)
EXIF package read failed for /nonexistent/646.JPG: PathNotFoundException: Cannot open file, path = '/nonexistent/646.JPG' (OS Error: No such file or directory, errno = 2)
EXIF package read failed for /nonexistent/647.JPG: PathNotFoundException: Cannot open file, path = '/nonexistent/647.JPG' (OS Error: No such file or directory, errno = 2)
EXIF package read failed for /nonexistent/648.JPG: PathNotFoundException: Cannot open file, path = '/nonexistent/648.JPG' (OS Error: No such file or directory, errno = 2)
EXIF package read failed for /nonexistent/649.JPG: PathNotFoundException: Cannot open file, path = '/nonexistent/649.JPG' (OS Error: No such file or directory, errno = 2)
EXIF package read failed for /nonexistent/650.JPG: PathNotFoundException: Cannot open file, path = '/nonexistent/650.JPG' (OS Error: No such file or directory, errno = 2)
EXIF package read failed for /nonexistent/651.JPG: PathNotFoundException: Cannot open file, path = '/nonexistent/651.JPG' (OS Error: No such file or directory, errno = 2)
EXIF package read failed for /nonexistent/652.JPG: PathNotFoundException: Cannot open file, path = '/nonexistent/652.JPG' (OS Error: No such file or directory, errno = 2)
EXIF package read failed for /nonexistent/653.JPG: PathNotFoundException: Cannot open file, path = '/nonexistent/653.JPG' (OS Error: No such file or directory, errno = 2)
EXIF package read failed for /nonexistent/654.JPG: PathNotFoundException: Cannot open file, path = '/nonexistent/654.JPG' (OS Error: No such file or directory, errno = 2)
EXIF package read failed for /nonexistent/655.JPG: PathNotFoundException: Cannot open file, path = '/nonexistent/655.JPG' (OS Error: No such file or directory, errno = 2)
EXIF package read failed for /nonexistent/656.JPG: PathNotFoundException: Cannot open file, path = '/nonexistent/656.JPG' (OS Error: No such file or directory, errno = 2)
EXIF package read failed for /nonexistent/657.JPG: PathNotFoundException: Cannot open file, path = '/nonexistent/657.JPG' (OS Error: No such file or directory, errno = 2)
EXIF package read failed for /nonexistent/658.JPG: PathNotFoundException: Cannot open file, path = '/nonexistent/658.JPG' (OS Error: No such file or directory, errno = 2)
EXIF package read failed for /nonexistent/659.JPG: PathNotFoundException: Cannot open file, path = '/nonexistent/659.JPG' (OS Error: No such file or directory, errno = 2)
EXIF package read failed for /nonexistent/660.JPG: PathNotFoundException: Cannot open file, path = '/nonexistent/660.JPG' (OS Error: No such file or directory, errno = 2)
EXIF package read failed for /nonexistent/661.JPG: PathNotFoundException: Cannot open file, path = '/nonexistent/661.JPG' (OS Error: No such file or directory, errno = 2)
EXIF package read failed for /nonexistent/662.JPG: PathNotFoundException: Cannot open file, path = '/nonexistent/662.JPG' (OS Error: No such file or directory, errno = 2)
EXIF package read failed for /nonexistent/663.JPG: PathNotFoundException: Cannot open file, path = '/nonexistent/663.JPG' (OS Error: No such file or directory, errno = 2)
EXIF package read failed for /nonexistent/664.JPG: PathNotFoundException: Cannot open file, path = '/nonexistent/664.JPG' (OS Error: No such file or directory, errno = 2)
EXIF package read failed for /nonexistent/665.JPG: PathNotFoundException: Cannot open file, path = '/nonexistent/665.JPG' (OS Error: No such file or directory, errno = 2)
EXIF package read failed for /nonexistent/666.JPG: PathNotFoundException: Cannot open file, path = '/nonexistent/666.JPG' (OS Error: No such file or directory, errno = 2)
EXIF package read failed for /nonexistent/667.JPG: PathNotFoundException: Cannot open file, path = '/nonexistent/667.JPG' (OS Error: No such file or directory, errno = 2)
EXIF package read failed for /nonexistent/668.JPG: PathNotFoundException: Cannot open file, path = '/nonexistent/668.JPG' (OS Error: No such file or directory, errno = 2)
EXIF package read failed for /nonexistent/669.JPG: PathNotFoundException: Cannot open file, path = '/nonexistent/669.JPG' (OS Error: No such file or directory, errno = 2)
EXIF package read failed for /nonexistent/670.JPG: PathNotFoundException: Cannot open file, path = '/nonexistent/670.JPG' (OS Error: No such file or directory, errno = 2)
EXIF package read failed for /nonexistent/671.JPG: PathNotFoundException: Cannot open file, path = '/nonexistent/671.JPG' (OS Error: No such file or directory, errno = 2)
EXIF package read failed for /nonexistent/672.JPG: PathNotFoundException: Cannot open file, path = '/nonexistent/672.JPG' (OS Error: No such file or directory, errno = 2)
EXIF package read failed for /nonexistent/673.JPG: PathNotFoundException: Cannot open file, path = '/nonexistent/673.JPG' (OS Error: No such file or directory, errno = 2)
EXIF package read failed for /nonexistent/674.JPG: PathNotFoundException: Cannot open file, path = '/nonexistent/674.JPG' (OS Error: No such file or directory, errno = 2)
EXIF package read failed for /nonexistent/675.JPG: PathNotFoundException: Cannot open file, path = '/nonexistent/675.JPG' (OS Error: No such file or directory, errno = 2)
EXIF package read failed for /nonexistent/676.JPG: PathNotFoundException: Cannot open file, path = '/nonexistent/676.JPG' (OS Error: No such file or directory, errno = 2)
EXIF package read failed for /nonexistent/677.JPG: PathNotFoundException: Cannot open file, path = '/nonexistent/677.JPG' (OS Error: No such file or directory, errno = 2)
EXIF package read failed for /nonexistent/678.JPG: PathNotFoundException: Cannot open file, path = '/nonexistent/678.JPG' (OS Error: No such file or directory, errno = 2)
EXIF package read failed for /nonexistent/679.JPG: PathNotFoundException: Cannot open file, path = '/nonexistent/679.JPG' (OS Error: No such file or directory, errno = 2)
EXIF package read failed for /nonexistent/680.JPG: PathNotFoundException: Cannot open file, path = '/nonexistent/680.JPG' (OS Error: No such file or directory, errno = 2)
EXIF package read failed for /nonexistent/681.JPG: PathNotFoundException: Cannot open file, path = '/nonexistent/681.JPG' (OS Error: No such file or directory, errno = 2)
EXIF package read failed for /nonexistent/682.JPG: PathNotFoundException: Cannot open file, path = '/nonexistent/682.JPG' (OS Error: No such file or directory, errno = 2)
EXIF package read failed for /nonexistent/683.JPG: PathNotFoundException: Cannot open file, path = '/nonexistent/683.JPG' (OS Error: No such file or directory, errno = 2)
EXIF package read failed for /nonexistent/684.JPG: PathNotFoundException: Cannot open file, path = '/nonexistent/684.JPG' (OS Error: No such file or directory, errno = 2)
EXIF package read failed for /nonexistent/685.JPG: PathNotFoundException: Cannot open file, path = '/nonexistent/685.JPG' (OS Error: No such file or directory, errno = 2)
EXIF package read failed for /nonexistent/686.JPG: PathNotFoundException: Cannot open file, path = '/nonexistent/686.JPG' (OS Error: No such file or directory, errno = 2)
EXIF package read failed for /nonexistent/687.JPG: PathNotFoundException: Cannot open file, path = '/nonexistent/687.JPG' (OS Error: No such file or directory, errno = 2)
EXIF package read failed for /nonexistent/688.JPG: PathNotFoundException: Cannot open file, path = '/nonexistent/688.JPG' (OS Error: No such file or directory, errno = 2)
EXIF package read failed for /nonexistent/689.JPG: PathNotFoundException: Cannot open file, path = '/nonexistent/689.JPG' (OS Error: No such file or directory, errno = 2)
EXIF package read failed for /nonexistent/690.JPG: PathNotFoundException: Cannot open file, path = '/nonexistent/690.JPG' (OS Error: No such file or directory, errno = 2)
EXIF package read failed for /nonexistent/691.JPG: PathNotFoundException: Cannot open file, path = '/nonexistent/691.JPG' (OS Error: No such file or directory, errno = 2)
EXIF package read failed for /nonexistent/692.JPG: PathNotFoundException: Cannot open file, path = '/nonexistent/692.JPG' (OS Error: No such file or directory, errno = 2)
EXIF package read failed for /nonexistent/693.JPG: PathNotFoundException: Cannot open file, path = '/nonexistent/693.JPG' (OS Error: No such file or directory, errno = 2)
EXIF package read failed for /nonexistent/694.JPG: PathNotFoundException: Cannot open file, path = '/nonexistent/694.JPG' (OS Error: No such file or directory, errno = 2)
EXIF package read failed for /nonexistent/695.JPG: PathNotFoundException: Cannot open file, path = '/nonexistent/695.JPG' (OS Error: No such file or directory, errno = 2)
EXIF package read failed for /nonexistent/696.JPG: PathNotFoundException: Cannot open file, path = '/nonexistent/696.JPG' (OS Error: No such file or directory, errno = 2)
EXIF package read failed for /nonexistent/697.JPG: PathNotFoundException: Cannot open file, path = '/nonexistent/697.JPG' (OS Error: No such file or directory, errno = 2)
EXIF package read failed for /nonexistent/698.JPG: PathNotFoundException: Cannot open file, path = '/nonexistent/698.JPG' (OS Error: No such file or directory, errno = 2)
EXIF package read failed for /nonexistent/699.JPG: PathNotFoundException: Cannot open file, path = '/nonexistent/699.JPG' (OS Error: No such file or directory, errno = 2)
EXIF package read failed for /nonexistent/700.JPG: PathNotFoundException: Cannot open file, path = '/nonexistent/700.JPG' (OS Error: No such file or directory, errno = 2)
EXIF package read failed for /nonexistent/701.JPG: PathNotFoundException: Cannot open file, path = '/nonexistent/701.JPG' (OS Error: No such file or directory, errno = 2)
EXIF package read failed for /nonexistent/702.JPG: PathNotFoundException: Cannot open file, path = '/nonexistent/702.JPG' (OS Error: No such file or directory, errno = 2)
EXIF package read failed for /nonexistent/703.JPG: PathNotFoundException: Cannot open file, path = '/nonexistent/703.JPG' (OS Error: No such file or directory, errno = 2)
EXIF package read failed for /nonexistent/704.JPG: PathNotFoundException: Cannot open file, path = '/nonexistent/704.JPG' (OS Error: No such file or directory, errno = 2)
EXIF package read failed for /nonexistent/705.JPG: PathNotFoundException: Cannot open file, path = '/nonexistent/705.JPG' (OS Error: No such file or directory, errno = 2)
EXIF package read failed for /nonexistent/706.JPG: PathNotFoundException: Cannot open file, path = '/nonexistent/706.JPG' (OS Error: No such file or directory, errno = 2)
EXIF package read failed for /nonexistent/707.JPG: PathNotFoundException: Cannot open file, path = '/nonexistent/707.JPG' (OS Error: No such file or directory, errno = 2)
EXIF package read failed for /nonexistent/708.JPG: PathNotFoundException: Cannot open file, path = '/nonexistent/708.JPG' (OS Error: No such file or directory, errno = 2)
EXIF package read failed for /nonexistent/709.JPG: PathNotFoundException: Cannot open file, path = '/nonexistent/709.JPG' (OS Error: No such file or directory, errno = 2)
EXIF package read failed for /nonexistent/710.JPG: PathNotFoundException: Cannot open file, path = '/nonexistent/710.JPG' (OS Error: No such file or directory, errno = 2)
EXIF package read failed for /nonexistent/711.JPG: PathNotFoundException: Cannot open file, path = '/nonexistent/711.JPG' (OS Error: No such file or directory, errno = 2)
EXIF package read failed for /nonexistent/712.JPG: PathNotFoundException: Cannot open file, path = '/nonexistent/712.JPG' (OS Error: No such file or directory, errno = 2)
EXIF package read failed for /nonexistent/713.JPG: PathNotFoundException: Cannot open file, path = '/nonexistent/713.JPG' (OS Error: No such file or directory, errno = 2)
EXIF package read failed for /nonexistent/714.JPG: PathNotFoundException: Cannot open file, path = '/nonexistent/714.JPG' (OS Error: No such file or directory, errno = 2)
EXIF package read failed for /nonexistent/715.JPG: PathNotFoundException: Cannot open file, path = '/nonexistent/715.JPG' (OS Error: No such file or directory, errno = 2)
EXIF package read failed for /nonexistent/716.JPG: PathNotFoundException: Cannot open file, path = '/nonexistent/716.JPG' (OS Error: No such file or directory, errno = 2)
EXIF package read failed for /nonexistent/717.JPG: PathNotFoundException: Cannot open file, path = '/nonexistent/717.JPG' (OS Error: No such file or directory, errno = 2)
EXIF package read failed for /nonexistent/718.JPG: PathNotFoundException: Cannot open file, path = '/nonexistent/718.JPG' (OS Error: No such file or directory, errno = 2)
EXIF package read failed for /nonexistent/719.JPG: PathNotFoundException: Cannot open file, path = '/nonexistent/719.JPG' (OS Error: No such file or directory, errno = 2)
EXIF package read failed for /nonexistent/720.JPG: PathNotFoundException: Cannot open file, path = '/nonexistent/720.JPG' (OS Error: No such file or directory, errno = 2)
EXIF package read failed for /nonexistent/721.JPG: PathNotFoundException: Cannot open file, path = '/nonexistent/721.JPG' (OS Error: No such file or directory, errno = 2)
EXIF package read failed for /nonexistent/722.JPG: PathNotFoundException: Cannot open file, path = '/nonexistent/722.JPG' (OS Error: No such file or directory, errno = 2)
EXIF package read failed for /nonexistent/723.JPG: PathNotFoundException: Cannot open file, path = '/nonexistent/723.JPG' (OS Error: No such file or directory, errno = 2)
EXIF package read failed for /nonexistent/724.JPG: PathNotFoundException: Cannot open file, path = '/nonexistent/724.JPG' (OS Error: No such file or directory, errno = 2)
EXIF package read failed for /nonexistent/725.JPG: PathNotFoundException: Cannot open file, path = '/nonexistent/725.JPG' (OS Error: No such file or directory, errno = 2)
EXIF package read failed for /nonexistent/726.JPG: PathNotFoundException: Cannot open file, path = '/nonexistent/726.JPG' (OS Error: No such file or directory, errno = 2)
EXIF package read failed for /nonexistent/727.JPG: PathNotFoundException: Cannot open file, path = '/nonexistent/727.JPG' (OS Error: No such file or directory, errno = 2)
EXIF package read failed for /nonexistent/728.JPG: PathNotFoundException: Cannot open file, path = '/nonexistent/728.JPG' (OS Error: No such file or directory, errno = 2)
EXIF package read failed for /nonexistent/729.JPG: PathNotFoundException: Cannot open file, path = '/nonexistent/729.JPG' (OS Error: No such file or directory, errno = 2)
EXIF package read failed for /nonexistent/730.JPG: PathNotFoundException: Cannot open file, path = '/nonexistent/730.JPG' (OS Error: No such file or directory, errno = 2)
EXIF package read failed for /nonexistent/731.JPG: PathNotFoundException: Cannot open file, path = '/nonexistent/731.JPG' (OS Error: No such file or directory, errno = 2)
EXIF package read failed for /nonexistent/732.JPG: PathNotFoundException: Cannot open file, path = '/nonexistent/732.JPG' (OS Error: No such file or directory, errno = 2)
EXIF package read failed for /nonexistent/733.JPG: PathNotFoundException: Cannot open file, path = '/nonexistent/733.JPG' (OS Error: No such file or directory, errno = 2)
EXIF package read failed for /nonexistent/734.JPG: PathNotFoundException: Cannot open file, path = '/nonexistent/734.JPG' (OS Error: No such file or directory, errno = 2)
EXIF package read failed for /nonexistent/735.JPG: PathNotFoundException: Cannot open file, path = '/nonexistent/735.JPG' (OS Error: No such file or directory, errno = 2)
EXIF package read failed for /nonexistent/736.JPG: PathNotFoundException: Cannot open file, path = '/nonexistent/736.JPG' (OS Error: No such file or directory, errno = 2)
EXIF package read failed for /nonexistent/737.JPG: PathNotFoundException: Cannot open file, path = '/nonexistent/737.JPG' (OS Error: No such file or directory, errno = 2)
EXIF package read failed for /nonexistent/738.JPG: PathNotFoundException: Cannot open file, path = '/nonexistent/738.JPG' (OS Error: No such file or directory, errno = 2)
EXIF package read failed for /nonexistent/739.JPG: PathNotFoundException: Cannot open file, path = '/nonexistent/739.JPG' (OS Error: No such file or directory, errno = 2)
EXIF package read failed for /nonexistent/740.JPG: PathNotFoundException: Cannot open file, path = '/nonexistent/740.JPG' (OS Error: No such file or directory, errno = 2)
EXIF package read failed for /nonexistent/741.JPG: PathNotFoundException: Cannot open file, path = '/nonexistent/741.JPG' (OS Error: No such file or directory, errno = 2)
EXIF package read failed for /nonexistent/742.JPG: PathNotFoundException: Cannot open file, path = '/nonexistent/742.JPG' (OS Error: No such file or directory, errno = 2)
EXIF package read failed for /nonexistent/743.JPG: PathNotFoundException: Cannot open file, path = '/nonexistent/743.JPG' (OS Error: No such file or directory, errno = 2)
EXIF package read failed for /nonexistent/744.JPG: PathNotFoundException: Cannot open file, path = '/nonexistent/744.JPG' (OS Error: No such file or directory, errno = 2)
EXIF package read failed for /nonexistent/745.JPG: PathNotFoundException: Cannot open file, path = '/nonexistent/745.JPG' (OS Error: No such file or directory, errno = 2)
EXIF package read failed for /nonexistent/746.JPG: PathNotFoundException: Cannot open file, path = '/nonexistent/746.JPG' (OS Error: No such file or directory, errno = 2)
EXIF package read failed for /nonexistent/747.JPG: PathNotFoundException: Cannot open file, path = '/nonexistent/747.JPG' (OS Error: No such file or directory, errno = 2)
EXIF package read failed for /nonexistent/748.JPG: PathNotFoundException: Cannot open file, path = '/nonexistent/748.JPG' (OS Error: No such file or directory, errno = 2)
EXIF package read failed for /nonexistent/749.JPG: PathNotFoundException: Cannot open file, path = '/nonexistent/749.JPG' (OS Error: No such file or directory, errno = 2)
EXIF package read failed for /nonexistent/750.JPG: PathNotFoundException: Cannot open file, path = '/nonexistent/750.JPG' (OS Error: No such file or directory, errno = 2)
EXIF package read failed for /nonexistent/751.JPG: PathNotFoundException: Cannot open file, path = '/nonexistent/751.JPG' (OS Error: No such file or directory, errno = 2)
EXIF package read failed for /nonexistent/752.JPG: PathNotFoundException: Cannot open file, path = '/nonexistent/752.JPG' (OS Error: No such file or directory, errno = 2)
EXIF package read failed for /nonexistent/753.JPG: PathNotFoundException: Cannot open file, path = '/nonexistent/753.JPG' (OS Error: No such file or directory, errno = 2)
EXIF package read failed for /nonexistent/754.JPG: PathNotFoundException: Cannot open file, path = '/nonexistent/754.JPG' (OS Error: No such file or directory, errno = 2)
EXIF package read failed for /nonexistent/755.JPG: PathNotFoundException: Cannot open file, path = '/nonexistent/755.JPG' (OS Error: No such file or directory, errno = 2)
EXIF package read failed for /nonexistent/756.JPG: PathNotFoundException: Cannot open file, path = '/nonexistent/756.JPG' (OS Error: No such file or directory, errno = 2)
EXIF package read failed for /nonexistent/757.JPG: PathNotFoundException: Cannot open file, path = '/nonexistent/757.JPG' (OS Error: No such file or directory, errno = 2)
EXIF package read failed for /nonexistent/758.JPG: PathNotFoundException: Cannot open file, path = '/nonexistent/758.JPG' (OS Error: No such file or directory, errno = 2)
EXIF package read failed for /nonexistent/759.JPG: PathNotFoundException: Cannot open file, path = '/nonexistent/759.JPG' (OS Error: No such file or directory, errno = 2)
EXIF package read failed for /nonexistent/760.JPG: PathNotFoundException: Cannot open file, path = '/nonexistent/760.JPG' (OS Error: No such file or directory, errno = 2)
EXIF package read failed for /nonexistent/761.JPG: PathNotFoundException: Cannot open file, path = '/nonexistent/761.JPG' (OS Error: No such file or directory, errno = 2)
EXIF package read failed for /nonexistent/762.JPG: PathNotFoundException: Cannot open file, path = '/nonexistent/762.JPG' (OS Error: No such file or directory, errno = 2)
EXIF package read failed for /nonexistent/763.JPG: PathNotFoundException: Cannot open file, path = '/nonexistent/763.JPG' (OS Error: No such file or directory, errno = 2)
EXIF package read failed for /nonexistent/764.JPG: PathNotFoundException: Cannot open file, path = '/nonexistent/764.JPG' (OS Error: No such file or directory, errno = 2)
EXIF package read failed for /nonexistent/765.JPG: PathNotFoundException: Cannot open file, path = '/nonexistent/765.JPG' (OS Error: No such file or directory, errno = 2)
EXIF package read failed for /nonexistent/766.JPG: PathNotFoundException: Cannot open file, path = '/nonexistent/766.JPG' (OS Error: No such file or directory, errno = 2)
EXIF package read failed for /nonexistent/767.JPG: PathNotFoundException: Cannot open file, path = '/nonexistent/767.JPG' (OS Error: No such file or directory, errno = 2)
EXIF package read failed for /nonexistent/768.JPG: PathNotFoundException: Cannot open file, path = '/nonexistent/768.JPG' (OS Error: No such file or directory, errno = 2)
EXIF package read failed for /nonexistent/769.JPG: PathNotFoundException: Cannot open file, path = '/nonexistent/769.JPG' (OS Error: No such file or directory, errno = 2)
EXIF package read failed for /nonexistent/770.JPG: PathNotFoundException: Cannot open file, path = '/nonexistent/770.JPG' (OS Error: No such file or directory, errno = 2)
EXIF package read failed for /nonexistent/771.JPG: PathNotFoundException: Cannot open file, path = '/nonexistent/771.JPG' (OS Error: No such file or directory, errno = 2)
EXIF package read failed for /nonexistent/772.JPG: PathNotFoundException: Cannot open file, path = '/nonexistent/772.JPG' (OS Error: No such file or directory, errno = 2)
EXIF package read failed for /nonexistent/773.JPG: PathNotFoundException: Cannot open file, path = '/nonexistent/773.JPG' (OS Error: No such file or directory, errno = 2)
EXIF package read failed for /nonexistent/774.JPG: PathNotFoundException: Cannot open file, path = '/nonexistent/774.JPG' (OS Error: No such file or directory, errno = 2)
EXIF package read failed for /nonexistent/775.JPG: PathNotFoundException: Cannot open file, path = '/nonexistent/775.JPG' (OS Error: No such file or directory, errno = 2)
EXIF package read failed for /nonexistent/776.JPG: PathNotFoundException: Cannot open file, path = '/nonexistent/776.JPG' (OS Error: No such file or directory, errno = 2)
EXIF package read failed for /nonexistent/777.JPG: PathNotFoundException: Cannot open file, path = '/nonexistent/777.JPG' (OS Error: No such file or directory, errno = 2)
EXIF package read failed for /nonexistent/778.JPG: PathNotFoundException: Cannot open file, path = '/nonexistent/778.JPG' (OS Error: No such file or directory, errno = 2)
EXIF package read failed for /nonexistent/779.JPG: PathNotFoundException: Cannot open file, path = '/nonexistent/779.JPG' (OS Error: No such file or directory, errno = 2)
EXIF package read failed for /nonexistent/780.JPG: PathNotFoundException: Cannot open file, path = '/nonexistent/780.JPG' (OS Error: No such file or directory, errno = 2)
EXIF package read failed for /nonexistent/781.JPG: PathNotFoundException: Cannot open file, path = '/nonexistent/781.JPG' (OS Error: No such file or directory, errno = 2)
EXIF package read failed for /nonexistent/782.JPG: PathNotFoundException: Cannot open file, path = '/nonexistent/782.JPG' (OS Error: No such file or directory, errno = 2)
EXIF package read failed for /nonexistent/783.JPG: PathNotFoundException: Cannot open file, path = '/nonexistent/783.JPG' (OS Error: No such file or directory, errno = 2)
EXIF package read failed for /nonexistent/784.JPG: PathNotFoundException: Cannot open file, path = '/nonexistent/784.JPG' (OS Error: No such file or directory, errno = 2)
EXIF package read failed for /nonexistent/785.JPG: PathNotFoundException: Cannot open file, path = '/nonexistent/785.JPG' (OS Error: No such file or directory, errno = 2)
EXIF package read failed for /nonexistent/786.JPG: PathNotFoundException: Cannot open file, path = '/nonexistent/786.JPG' (OS Error: No such file or directory, errno = 2)
EXIF package read failed for /nonexistent/787.JPG: PathNotFoundException: Cannot open file, path = '/nonexistent/787.JPG' (OS Error: No such file or directory, errno = 2)
EXIF package read failed for /nonexistent/788.JPG: PathNotFoundException: Cannot open file, path = '/nonexistent/788.JPG' (OS Error: No such file or directory, errno = 2)
EXIF package read failed for /nonexistent/789.JPG: PathNotFoundException: Cannot open file, path = '/nonexistent/789.JPG' (OS Error: No such file or directory, errno = 2)
EXIF package read failed for /nonexistent/790.JPG: PathNotFoundException: Cannot open file, path = '/nonexistent/790.JPG' (OS Error: No such file or directory, errno = 2)
EXIF package read failed for /nonexistent/791.JPG: PathNotFoundException: Cannot open file, path = '/nonexistent/791.JPG' (OS Error: No such file or directory, errno = 2)
EXIF package read failed for /nonexistent/792.JPG: PathNotFoundException: Cannot open file, path = '/nonexistent/792.JPG' (OS Error: No such file or directory, errno = 2)
EXIF package read failed for /nonexistent/793.JPG: PathNotFoundException: Cannot open file, path = '/nonexistent/793.JPG' (OS Error: No such file or directory, errno = 2)
EXIF package read failed for /nonexistent/794.JPG: PathNotFoundException: Cannot open file, path = '/nonexistent/794.JPG' (OS Error: No such file or directory, errno = 2)
EXIF package read failed for /nonexistent/795.JPG: PathNotFoundException: Cannot open file, path = '/nonexistent/795.JPG' (OS Error: No such file or directory, errno = 2)
EXIF package read failed for /nonexistent/796.JPG: PathNotFoundException: Cannot open file, path = '/nonexistent/796.JPG' (OS Error: No such file or directory, errno = 2)
EXIF package read failed for /nonexistent/797.JPG: PathNotFoundException: Cannot open file, path = '/nonexistent/797.JPG' (OS Error: No such file or directory, errno = 2)
EXIF package read failed for /nonexistent/798.JPG: PathNotFoundException: Cannot open file, path = '/nonexistent/798.JPG' (OS Error: No such file or directory, errno = 2)
EXIF package read failed for /nonexistent/799.JPG: PathNotFoundException: Cannot open file, path = '/nonexistent/799.JPG' (OS Error: No such file or directory, errno = 2)
EXIF package read failed for /nonexistent/800.JPG: PathNotFoundException: Cannot open file, path = '/nonexistent/800.JPG' (OS Error: No such file or directory, errno = 2)
EXIF package read failed for /nonexistent/801.JPG: PathNotFoundException: Cannot open file, path = '/nonexistent/801.JPG' (OS Error: No such file or directory, errno = 2)
EXIF package read failed for /nonexistent/802.JPG: PathNotFoundException: Cannot open file, path = '/nonexistent/802.JPG' (OS Error: No such file or directory, errno = 2)
EXIF package read failed for /nonexistent/803.JPG: PathNotFoundException: Cannot open file, path = '/nonexistent/803.JPG' (OS Error: No such file or directory, errno = 2)
EXIF package read failed for /nonexistent/804.JPG: PathNotFoundException: Cannot open file, path = '/nonexistent/804.JPG' (OS Error: No such file or directory, errno = 2)
EXIF package read failed for /nonexistent/805.JPG: PathNotFoundException: Cannot open file, path = '/nonexistent/805.JPG' (OS Error: No such file or directory, errno = 2)
EXIF package read failed for /nonexistent/806.JPG: PathNotFoundException: Cannot open file, path = '/nonexistent/806.JPG' (OS Error: No such file or directory, errno = 2)
EXIF package read failed for /nonexistent/807.JPG: PathNotFoundException: Cannot open file, path = '/nonexistent/807.JPG' (OS Error: No such file or directory, errno = 2)
EXIF package read failed for /nonexistent/808.JPG: PathNotFoundException: Cannot open file, path = '/nonexistent/808.JPG' (OS Error: No such file or directory, errno = 2)
EXIF package read failed for /nonexistent/809.JPG: PathNotFoundException: Cannot open file, path = '/nonexistent/809.JPG' (OS Error: No such file or directory, errno = 2)
EXIF package read failed for /nonexistent/810.JPG: PathNotFoundException: Cannot open file, path = '/nonexistent/810.JPG' (OS Error: No such file or directory, errno = 2)
EXIF package read failed for /nonexistent/811.JPG: PathNotFoundException: Cannot open file, path = '/nonexistent/811.JPG' (OS Error: No such file or directory, errno = 2)
EXIF package read failed for /nonexistent/812.JPG: PathNotFoundException: Cannot open file, path = '/nonexistent/812.JPG' (OS Error: No such file or directory, errno = 2)
EXIF package read failed for /nonexistent/813.JPG: PathNotFoundException: Cannot open file, path = '/nonexistent/813.JPG' (OS Error: No such file or directory, errno = 2)
EXIF package read failed for /nonexistent/814.JPG: PathNotFoundException: Cannot open file, path = '/nonexistent/814.JPG' (OS Error: No such file or directory, errno = 2)
EXIF package read failed for /nonexistent/815.JPG: PathNotFoundException: Cannot open file, path = '/nonexistent/815.JPG' (OS Error: No such file or directory, errno = 2)
EXIF package read failed for /nonexistent/816.JPG: PathNotFoundException: Cannot open file, path = '/nonexistent/816.JPG' (OS Error: No such file or directory, errno = 2)
EXIF package read failed for /nonexistent/817.JPG: PathNotFoundException: Cannot open file, path = '/nonexistent/817.JPG' (OS Error: No such file or directory, errno = 2)
EXIF package read failed for /nonexistent/818.JPG: PathNotFoundException: Cannot open file, path = '/nonexistent/818.JPG' (OS Error: No such file or directory, errno = 2)
EXIF package read failed for /nonexistent/819.JPG: PathNotFoundException: Cannot open file, path = '/nonexistent/819.JPG' (OS Error: No such file or directory, errno = 2)
EXIF package read failed for /nonexistent/820.JPG: PathNotFoundException: Cannot open file, path = '/nonexistent/820.JPG' (OS Error: No such file or directory, errno = 2)
EXIF package read failed for /nonexistent/821.JPG: PathNotFoundException: Cannot open file, path = '/nonexistent/821.JPG' (OS Error: No such file or directory, errno = 2)
EXIF package read failed for /nonexistent/822.JPG: PathNotFoundException: Cannot open file, path = '/nonexistent/822.JPG' (OS Error: No such file or directory, errno = 2)
EXIF package read failed for /nonexistent/823.JPG: PathNotFoundException: Cannot open file, path = '/nonexistent/823.JPG' (OS Error: No such file or directory, errno = 2)
EXIF package read failed for /nonexistent/824.JPG: PathNotFoundException: Cannot open file, path = '/nonexistent/824.JPG' (OS Error: No such file or directory, errno = 2)
EXIF package read failed for /nonexistent/825.JPG: PathNotFoundException: Cannot open file, path = '/nonexistent/825.JPG' (OS Error: No such file or directory, errno = 2)
EXIF package read failed for /nonexistent/826.JPG: PathNotFoundException: Cannot open file, path = '/nonexistent/826.JPG' (OS Error: No such file or directory, errno = 2)
EXIF package read failed for /nonexistent/827.JPG: PathNotFoundException: Cannot open file, path = '/nonexistent/827.JPG' (OS Error: No such file or directory, errno = 2)
EXIF package read failed for /nonexistent/828.JPG: PathNotFoundException: Cannot open file, path = '/nonexistent/828.JPG' (OS Error: No such file or directory, errno = 2)
EXIF package read failed for /nonexistent/829.JPG: PathNotFoundException: Cannot open file, path = '/nonexistent/829.JPG' (OS Error: No such file or directory, errno = 2)
EXIF package read failed for /nonexistent/830.JPG: PathNotFoundException: Cannot open file, path = '/nonexistent/830.JPG' (OS Error: No such file or directory, errno = 2)
EXIF package read failed for /nonexistent/831.JPG: PathNotFoundException: Cannot open file, path = '/nonexistent/831.JPG' (OS Error: No such file or directory, errno = 2)
EXIF package read failed for /nonexistent/832.JPG: PathNotFoundException: Cannot open file, path = '/nonexistent/832.JPG' (OS Error: No such file or directory, errno = 2)
EXIF package read failed for /nonexistent/833.JPG: PathNotFoundException: Cannot open file, path = '/nonexistent/833.JPG' (OS Error: No such file or directory, errno = 2)
EXIF package read failed for /nonexistent/834.JPG: PathNotFoundException: Cannot open file, path = '/nonexistent/834.JPG' (OS Error: No such file or directory, errno = 2)
EXIF package read failed for /nonexistent/835.JPG: PathNotFoundException: Cannot open file, path = '/nonexistent/835.JPG' (OS Error: No such file or directory, errno = 2)
EXIF package read failed for /nonexistent/836.JPG: PathNotFoundException: Cannot open file, path = '/nonexistent/836.JPG' (OS Error: No such file or directory, errno = 2)
EXIF package read failed for /nonexistent/837.JPG: PathNotFoundException: Cannot open file, path = '/nonexistent/837.JPG' (OS Error: No such file or directory, errno = 2)
EXIF package read failed for /nonexistent/838.JPG: PathNotFoundException: Cannot open file, path = '/nonexistent/838.JPG' (OS Error: No such file or directory, errno = 2)
EXIF package read failed for /nonexistent/839.JPG: PathNotFoundException: Cannot open file, path = '/nonexistent/839.JPG' (OS Error: No such file or directory, errno = 2)
EXIF package read failed for /nonexistent/840.JPG: PathNotFoundException: Cannot open file, path = '/nonexistent/840.JPG' (OS Error: No such file or directory, errno = 2)
EXIF package read failed for /nonexistent/841.JPG: PathNotFoundException: Cannot open file, path = '/nonexistent/841.JPG' (OS Error: No such file or directory, errno = 2)
EXIF package read failed for /nonexistent/842.JPG: PathNotFoundException: Cannot open file, path = '/nonexistent/842.JPG' (OS Error: No such file or directory, errno = 2)
EXIF package read failed for /nonexistent/843.JPG: PathNotFoundException: Cannot open file, path = '/nonexistent/843.JPG' (OS Error: No such file or directory, errno = 2)
EXIF package read failed for /nonexistent/844.JPG: PathNotFoundException: Cannot open file, path = '/nonexistent/844.JPG' (OS Error: No such file or directory, errno = 2)
EXIF package read failed for /nonexistent/845.JPG: PathNotFoundException: Cannot open file, path = '/nonexistent/845.JPG' (OS Error: No such file or directory, errno = 2)
EXIF package read failed for /nonexistent/846.JPG: PathNotFoundException: Cannot open file, path = '/nonexistent/846.JPG' (OS Error: No such file or directory, errno = 2)
EXIF package read failed for /nonexistent/847.JPG: PathNotFoundException: Cannot open file, path = '/nonexistent/847.JPG' (OS Error: No such file or directory, errno = 2)
EXIF package read failed for /nonexistent/848.JPG: PathNotFoundException: Cannot open file, path = '/nonexistent/848.JPG' (OS Error: No such file or directory, errno = 2)
EXIF package read failed for /nonexistent/849.JPG: PathNotFoundException: Cannot open file, path = '/nonexistent/849.JPG' (OS Error: No such file or directory, errno = 2)
EXIF package read failed for /nonexistent/850.JPG: PathNotFoundException: Cannot open file, path = '/nonexistent/850.JPG' (OS Error: No such file or directory, errno = 2)
EXIF package read failed for /nonexistent/851.JPG: PathNotFoundException: Cannot open file, path = '/nonexistent/851.JPG' (OS Error: No such file or directory, errno = 2)
EXIF package read failed for /nonexistent/852.JPG: PathNotFoundException: Cannot open file, path = '/nonexistent/852.JPG' (OS Error: No such file or directory, errno = 2)
EXIF package read failed for /nonexistent/853.JPG: PathNotFoundException: Cannot open file, path = '/nonexistent/853.JPG' (OS Error: No such file or directory, errno = 2)
EXIF package read failed for /nonexistent/854.JPG: PathNotFoundException: Cannot open file, path = '/nonexistent/854.JPG' (OS Error: No such file or directory, errno = 2)
EXIF package read failed for /nonexistent/855.JPG: PathNotFoundException: Cannot open file, path = '/nonexistent/855.JPG' (OS Error: No such file or directory, errno = 2)
EXIF package read failed for /nonexistent/856.JPG: PathNotFoundException: Cannot open file, path = '/nonexistent/856.JPG' (OS Error: No such file or directory, errno = 2)
EXIF package read failed for /nonexistent/857.JPG: PathNotFoundException: Cannot open file, path = '/nonexistent/857.JPG' (OS Error: No such file or directory, errno = 2)
EXIF package read failed for /nonexistent/858.JPG: PathNotFoundException: Cannot open file, path = '/nonexistent/858.JPG' (OS Error: No such file or directory, errno = 2)
EXIF package read failed for /nonexistent/859.JPG: PathNotFoundException: Cannot open file, path = '/nonexistent/859.JPG' (OS Error: No such file or directory, errno = 2)
EXIF package read failed for /nonexistent/860.JPG: PathNotFoundException: Cannot open file, path = '/nonexistent/860.JPG' (OS Error: No such file or directory, errno = 2)
EXIF package read failed for /nonexistent/861.JPG: PathNotFoundException: Cannot open file, path = '/nonexistent/861.JPG' (OS Error: No such file or directory, errno = 2)
EXIF package read failed for /nonexistent/862.JPG: PathNotFoundException: Cannot open file, path = '/nonexistent/862.JPG' (OS Error: No such file or directory, errno = 2)
EXIF package read failed for /nonexistent/863.JPG: PathNotFoundException: Cannot open file, path = '/nonexistent/863.JPG' (OS Error: No such file or directory, errno = 2)
EXIF package read failed for /nonexistent/864.JPG: PathNotFoundException: Cannot open file, path = '/nonexistent/864.JPG' (OS Error: No such file or directory, errno = 2)
EXIF package read failed for /nonexistent/865.JPG: PathNotFoundException: Cannot open file, path = '/nonexistent/865.JPG' (OS Error: No such file or directory, errno = 2)
EXIF package read failed for /nonexistent/866.JPG: PathNotFoundException: Cannot open file, path = '/nonexistent/866.JPG' (OS Error: No such file or directory, errno = 2)
EXIF package read failed for /nonexistent/867.JPG: PathNotFoundException: Cannot open file, path = '/nonexistent/867.JPG' (OS Error: No such file or directory, errno = 2)
EXIF package read failed for /nonexistent/868.JPG: PathNotFoundException: Cannot open file, path = '/nonexistent/868.JPG' (OS Error: No such file or directory, errno = 2)
EXIF package read failed for /nonexistent/869.JPG: PathNotFoundException: Cannot open file, path = '/nonexistent/869.JPG' (OS Error: No such file or directory, errno = 2)
EXIF package read failed for /nonexistent/870.JPG: PathNotFoundException: Cannot open file, path = '/nonexistent/870.JPG' (OS Error: No such file or directory, errno = 2)
EXIF package read failed for /nonexistent/871.JPG: PathNotFoundException: Cannot open file, path = '/nonexistent/871.JPG' (OS Error: No such file or directory, errno = 2)
EXIF package read failed for /nonexistent/872.JPG: PathNotFoundException: Cannot open file, path = '/nonexistent/872.JPG' (OS Error: No such file or directory, errno = 2)
EXIF package read failed for /nonexistent/873.JPG: PathNotFoundException: Cannot open file, path = '/nonexistent/873.JPG' (OS Error: No such file or directory, errno = 2)
EXIF package read failed for /nonexistent/874.JPG: PathNotFoundException: Cannot open file, path = '/nonexistent/874.JPG' (OS Error: No such file or directory, errno = 2)
EXIF package read failed for /nonexistent/875.JPG: PathNotFoundException: Cannot open file, path = '/nonexistent/875.JPG' (OS Error: No such file or directory, errno = 2)
EXIF package read failed for /nonexistent/876.JPG: PathNotFoundException: Cannot open file, path = '/nonexistent/876.JPG' (OS Error: No such file or directory, errno = 2)
EXIF package read failed for /nonexistent/877.JPG: PathNotFoundException: Cannot open file, path = '/nonexistent/877.JPG' (OS Error: No such file or directory, errno = 2)
EXIF package read failed for /nonexistent/878.JPG: PathNotFoundException: Cannot open file, path = '/nonexistent/878.JPG' (OS Error: No such file or directory, errno = 2)
EXIF package read failed for /nonexistent/879.JPG: PathNotFoundException: Cannot open file, path = '/nonexistent/879.JPG' (OS Error: No such file or directory, errno = 2)
EXIF package read failed for /nonexistent/880.JPG: PathNotFoundException: Cannot open file, path = '/nonexistent/880.JPG' (OS Error: No such file or directory, errno = 2)
EXIF package read failed for /nonexistent/881.JPG: PathNotFoundException: Cannot open file, path = '/nonexistent/881.JPG' (OS Error: No such file or directory, errno = 2)
EXIF package read failed for /nonexistent/882.JPG: PathNotFoundException: Cannot open file, path = '/nonexistent/882.JPG' (OS Error: No such file or directory, errno = 2)
EXIF package read failed for /nonexistent/883.JPG: PathNotFoundException: Cannot open file, path = '/nonexistent/883.JPG' (OS Error: No such file or directory, errno = 2)
EXIF package read failed for /nonexistent/884.JPG: PathNotFoundException: Cannot open file, path = '/nonexistent/884.JPG' (OS Error: No such file or directory, errno = 2)
EXIF package read failed for /nonexistent/885.JPG: PathNotFoundException: Cannot open file, path = '/nonexistent/885.JPG' (OS Error: No such file or directory, errno = 2)
EXIF package read failed for /nonexistent/886.JPG: PathNotFoundException: Cannot open file, path = '/nonexistent/886.JPG' (OS Error: No such file or directory, errno = 2)
EXIF package read failed for /nonexistent/887.JPG: PathNotFoundException: Cannot open file, path = '/nonexistent/887.JPG' (OS Error: No such file or directory, errno = 2)
EXIF package read failed for /nonexistent/888.JPG: PathNotFoundException: Cannot open file, path = '/nonexistent/888.JPG' (OS Error: No such file or directory, errno = 2)
EXIF package read failed for /nonexistent/889.JPG: PathNotFoundException: Cannot open file, path = '/nonexistent/889.JPG' (OS Error: No such file or directory, errno = 2)
EXIF package read failed for /nonexistent/890.JPG: PathNotFoundException: Cannot open file, path = '/nonexistent/890.JPG' (OS Error: No such file or directory, errno = 2)
EXIF package read failed for /nonexistent/891.JPG: PathNotFoundException: Cannot open file, path = '/nonexistent/891.JPG' (OS Error: No such file or directory, errno = 2)
EXIF package read failed for /nonexistent/892.JPG: PathNotFoundException: Cannot open file, path = '/nonexistent/892.JPG' (OS Error: No such file or directory, errno = 2)
EXIF package read failed for /nonexistent/893.JPG: PathNotFoundException: Cannot open file, path = '/nonexistent/893.JPG' (OS Error: No such file or directory, errno = 2)
EXIF package read failed for /nonexistent/894.JPG: PathNotFoundException: Cannot open file, path = '/nonexistent/894.JPG' (OS Error: No such file or directory, errno = 2)
EXIF package read failed for /nonexistent/895.JPG: PathNotFoundException: Cannot open file, path = '/nonexistent/895.JPG' (OS Error: No such file or directory, errno = 2)
EXIF package read failed for /nonexistent/896.JPG: PathNotFoundException: Cannot open file, path = '/nonexistent/896.JPG' (OS Error: No such file or directory, errno = 2)
EXIF package read failed for /nonexistent/897.JPG: PathNotFoundException: Cannot open file, path = '/nonexistent/897.JPG' (OS Error: No such file or directory, errno = 2)
EXIF package read failed for /nonexistent/898.JPG: PathNotFoundException: Cannot open file, path = '/nonexistent/898.JPG' (OS Error: No such file or directory, errno = 2)
EXIF package read failed for /nonexistent/899.JPG: PathNotFoundException: Cannot open file, path = '/nonexistent/899.JPG' (OS Error: No such file or directory, errno = 2)
EXIF package read failed for /nonexistent/900.JPG: PathNotFoundException: Cannot open file, path = '/nonexistent/900.JPG' (OS Error: No such file or directory, errno = 2)
EXIF package read failed for /nonexistent/901.JPG: PathNotFoundException: Cannot open file, path = '/nonexistent/901.JPG' (OS Error: No such file or directory, errno = 2)
EXIF package read failed for /nonexistent/902.JPG: PathNotFoundException: Cannot open file, path = '/nonexistent/902.JPG' (OS Error: No such file or directory, errno = 2)
EXIF package read failed for /nonexistent/903.JPG: PathNotFoundException: Cannot open file, path = '/nonexistent/903.JPG' (OS Error: No such file or directory, errno = 2)
EXIF package read failed for /nonexistent/904.JPG: PathNotFoundException: Cannot open file, path = '/nonexistent/904.JPG' (OS Error: No such file or directory, errno = 2)
EXIF package read failed for /nonexistent/905.JPG: PathNotFoundException: Cannot open file, path = '/nonexistent/905.JPG' (OS Error: No such file or directory, errno = 2)
EXIF package read failed for /nonexistent/906.JPG: PathNotFoundException: Cannot open file, path = '/nonexistent/906.JPG' (OS Error: No such file or directory, errno = 2)
EXIF package read failed for /nonexistent/907.JPG: PathNotFoundException: Cannot open file, path = '/nonexistent/907.JPG' (OS Error: No such file or directory, errno = 2)
EXIF package read failed for /nonexistent/908.JPG: PathNotFoundException: Cannot open file, path = '/nonexistent/908.JPG' (OS Error: No such file or directory, errno = 2)
EXIF package read failed for /nonexistent/909.JPG: PathNotFoundException: Cannot open file, path = '/nonexistent/909.JPG' (OS Error: No such file or directory, errno = 2)
EXIF package read failed for /nonexistent/910.JPG: PathNotFoundException: Cannot open file, path = '/nonexistent/910.JPG' (OS Error: No such file or directory, errno = 2)
EXIF package read failed for /nonexistent/911.JPG: PathNotFoundException: Cannot open file, path = '/nonexistent/911.JPG' (OS Error: No such file or directory, errno = 2)
EXIF package read failed for /nonexistent/912.JPG: PathNotFoundException: Cannot open file, path = '/nonexistent/912.JPG' (OS Error: No such file or directory, errno = 2)
EXIF package read failed for /nonexistent/913.JPG: PathNotFoundException: Cannot open file, path = '/nonexistent/913.JPG' (OS Error: No such file or directory, errno = 2)
EXIF package read failed for /nonexistent/914.JPG: PathNotFoundException: Cannot open file, path = '/nonexistent/914.JPG' (OS Error: No such file or directory, errno = 2)
EXIF package read failed for /nonexistent/915.JPG: PathNotFoundException: Cannot open file, path = '/nonexistent/915.JPG' (OS Error: No such file or directory, errno = 2)
EXIF package read failed for /nonexistent/916.JPG: PathNotFoundException: Cannot open file, path = '/nonexistent/916.JPG' (OS Error: No such file or directory, errno = 2)
EXIF package read failed for /nonexistent/917.JPG: PathNotFoundException: Cannot open file, path = '/nonexistent/917.JPG' (OS Error: No such file or directory, errno = 2)
EXIF package read failed for /nonexistent/918.JPG: PathNotFoundException: Cannot open file, path = '/nonexistent/918.JPG' (OS Error: No such file or directory, errno = 2)
EXIF package read failed for /nonexistent/919.JPG: PathNotFoundException: Cannot open file, path = '/nonexistent/919.JPG' (OS Error: No such file or directory, errno = 2)
EXIF package read failed for /nonexistent/920.JPG: PathNotFoundException: Cannot open file, path = '/nonexistent/920.JPG' (OS Error: No such file or directory, errno = 2)
EXIF package read failed for /nonexistent/921.JPG: PathNotFoundException: Cannot open file, path = '/nonexistent/921.JPG' (OS Error: No such file or directory, errno = 2)
EXIF package read failed for /nonexistent/922.JPG: PathNotFoundException: Cannot open file, path = '/nonexistent/922.JPG' (OS Error: No such file or directory, errno = 2)
EXIF package read failed for /nonexistent/923.JPG: PathNotFoundException: Cannot open file, path = '/nonexistent/923.JPG' (OS Error: No such file or directory, errno = 2)
EXIF package read failed for /nonexistent/924.JPG: PathNotFoundException: Cannot open file, path = '/nonexistent/924.JPG' (OS Error: No such file or directory, errno = 2)
EXIF package read failed for /nonexistent/925.JPG: PathNotFoundException: Cannot open file, path = '/nonexistent/925.JPG' (OS Error: No such file or directory, errno = 2)
EXIF package read failed for /nonexistent/926.JPG: PathNotFoundException: Cannot open file, path = '/nonexistent/926.JPG' (OS Error: No such file or directory, errno = 2)
EXIF package read failed for /nonexistent/927.JPG: PathNotFoundException: Cannot open file, path = '/nonexistent/927.JPG' (OS Error: No such file or directory, errno = 2)
EXIF package read failed for /nonexistent/929.JPG: PathNotFoundException: Cannot open file, path = '/nonexistent/929.JPG' (OS Error: No such file or directory, errno = 2)
EXIF package read failed for /nonexistent/928.JPG: PathNotFoundException: Cannot open file, path = '/nonexistent/928.JPG' (OS Error: No such file or directory, errno = 2)
EXIF package read failed for /nonexistent/930.JPG: PathNotFoundException: Cannot open file, path = '/nonexistent/930.JPG' (OS Error: No such file or directory, errno = 2)
EXIF package read failed for /nonexistent/931.JPG: PathNotFoundException: Cannot open file, path = '/nonexistent/931.JPG' (OS Error: No such file or directory, errno = 2)
EXIF package read failed for /nonexistent/932.JPG: PathNotFoundException: Cannot open file, path = '/nonexistent/932.JPG' (OS Error: No such file or directory, errno = 2)
EXIF package read failed for /nonexistent/933.JPG: PathNotFoundException: Cannot open file, path = '/nonexistent/933.JPG' (OS Error: No such file or directory, errno = 2)
EXIF package read failed for /nonexistent/934.JPG: PathNotFoundException: Cannot open file, path = '/nonexistent/934.JPG' (OS Error: No such file or directory, errno = 2)
EXIF package read failed for /nonexistent/935.JPG: PathNotFoundException: Cannot open file, path = '/nonexistent/935.JPG' (OS Error: No such file or directory, errno = 2)
EXIF package read failed for /nonexistent/936.JPG: PathNotFoundException: Cannot open file, path = '/nonexistent/936.JPG' (OS Error: No such file or directory, errno = 2)
EXIF package read failed for /nonexistent/937.JPG: PathNotFoundException: Cannot open file, path = '/nonexistent/937.JPG' (OS Error: No such file or directory, errno = 2)
EXIF package read failed for /nonexistent/938.JPG: PathNotFoundException: Cannot open file, path = '/nonexistent/938.JPG' (OS Error: No such file or directory, errno = 2)
EXIF package read failed for /nonexistent/939.JPG: PathNotFoundException: Cannot open file, path = '/nonexistent/939.JPG' (OS Error: No such file or directory, errno = 2)
EXIF package read failed for /nonexistent/940.JPG: PathNotFoundException: Cannot open file, path = '/nonexistent/940.JPG' (OS Error: No such file or directory, errno = 2)
EXIF package read failed for /nonexistent/941.JPG: PathNotFoundException: Cannot open file, path = '/nonexistent/941.JPG' (OS Error: No such file or directory, errno = 2)
EXIF package read failed for /nonexistent/942.JPG: PathNotFoundException: Cannot open file, path = '/nonexistent/942.JPG' (OS Error: No such file or directory, errno = 2)
EXIF package read failed for /nonexistent/943.JPG: PathNotFoundException: Cannot open file, path = '/nonexistent/943.JPG' (OS Error: No such file or directory, errno = 2)
EXIF package read failed for /nonexistent/944.JPG: PathNotFoundException: Cannot open file, path = '/nonexistent/944.JPG' (OS Error: No such file or directory, errno = 2)
EXIF package read failed for /nonexistent/945.JPG: PathNotFoundException: Cannot open file, path = '/nonexistent/945.JPG' (OS Error: No such file or directory, errno = 2)
EXIF package read failed for /nonexistent/946.JPG: PathNotFoundException: Cannot open file, path = '/nonexistent/946.JPG' (OS Error: No such file or directory, errno = 2)
EXIF package read failed for /nonexistent/947.JPG: PathNotFoundException: Cannot open file, path = '/nonexistent/947.JPG' (OS Error: No such file or directory, errno = 2)
EXIF package read failed for /nonexistent/948.JPG: PathNotFoundException: Cannot open file, path = '/nonexistent/948.JPG' (OS Error: No such file or directory, errno = 2)
EXIF package read failed for /nonexistent/949.JPG: PathNotFoundException: Cannot open file, path = '/nonexistent/949.JPG' (OS Error: No such file or directory, errno = 2)
EXIF package read failed for /nonexistent/950.JPG: PathNotFoundException: Cannot open file, path = '/nonexistent/950.JPG' (OS Error: No such file or directory, errno = 2)
EXIF package read failed for /nonexistent/951.JPG: PathNotFoundException: Cannot open file, path = '/nonexistent/951.JPG' (OS Error: No such file or directory, errno = 2)
EXIF package read failed for /nonexistent/952.JPG: PathNotFoundException: Cannot open file, path = '/nonexistent/952.JPG' (OS Error: No such file or directory, errno = 2)
EXIF package read failed for /nonexistent/953.JPG: PathNotFoundException: Cannot open file, path = '/nonexistent/953.JPG' (OS Error: No such file or directory, errno = 2)
EXIF package read failed for /nonexistent/954.JPG: PathNotFoundException: Cannot open file, path = '/nonexistent/954.JPG' (OS Error: No such file or directory, errno = 2)
EXIF package read failed for /nonexistent/955.JPG: PathNotFoundException: Cannot open file, path = '/nonexistent/955.JPG' (OS Error: No such file or directory, errno = 2)
EXIF package read failed for /nonexistent/956.JPG: PathNotFoundException: Cannot open file, path = '/nonexistent/956.JPG' (OS Error: No such file or directory, errno = 2)
EXIF package read failed for /nonexistent/957.JPG: PathNotFoundException: Cannot open file, path = '/nonexistent/957.JPG' (OS Error: No such file or directory, errno = 2)
EXIF package read failed for /nonexistent/958.JPG: PathNotFoundException: Cannot open file, path = '/nonexistent/958.JPG' (OS Error: No such file or directory, errno = 2)
EXIF package read failed for /nonexistent/959.JPG: PathNotFoundException: Cannot open file, path = '/nonexistent/959.JPG' (OS Error: No such file or directory, errno = 2)
EXIF package read failed for /nonexistent/960.JPG: PathNotFoundException: Cannot open file, path = '/nonexistent/960.JPG' (OS Error: No such file or directory, errno = 2)
EXIF package read failed for /nonexistent/961.JPG: PathNotFoundException: Cannot open file, path = '/nonexistent/961.JPG' (OS Error: No such file or directory, errno = 2)
EXIF package read failed for /nonexistent/962.JPG: PathNotFoundException: Cannot open file, path = '/nonexistent/962.JPG' (OS Error: No such file or directory, errno = 2)
EXIF package read failed for /nonexistent/963.JPG: PathNotFoundException: Cannot open file, path = '/nonexistent/963.JPG' (OS Error: No such file or directory, errno = 2)
EXIF package read failed for /nonexistent/964.JPG: PathNotFoundException: Cannot open file, path = '/nonexistent/964.JPG' (OS Error: No such file or directory, errno = 2)
EXIF package read failed for /nonexistent/965.JPG: PathNotFoundException: Cannot open file, path = '/nonexistent/965.JPG' (OS Error: No such file or directory, errno = 2)
EXIF package read failed for /nonexistent/966.JPG: PathNotFoundException: Cannot open file, path = '/nonexistent/966.JPG' (OS Error: No such file or directory, errno = 2)
EXIF package read failed for /nonexistent/967.JPG: PathNotFoundException: Cannot open file, path = '/nonexistent/967.JPG' (OS Error: No such file or directory, errno = 2)
EXIF package read failed for /nonexistent/968.JPG: PathNotFoundException: Cannot open file, path = '/nonexistent/968.JPG' (OS Error: No such file or directory, errno = 2)
EXIF package read failed for /nonexistent/969.JPG: PathNotFoundException: Cannot open file, path = '/nonexistent/969.JPG' (OS Error: No such file or directory, errno = 2)
EXIF package read failed for /nonexistent/970.JPG: PathNotFoundException: Cannot open file, path = '/nonexistent/970.JPG' (OS Error: No such file or directory, errno = 2)
EXIF package read failed for /nonexistent/971.JPG: PathNotFoundException: Cannot open file, path = '/nonexistent/971.JPG' (OS Error: No such file or directory, errno = 2)
EXIF package read failed for /nonexistent/972.JPG: PathNotFoundException: Cannot open file, path = '/nonexistent/972.JPG' (OS Error: No such file or directory, errno = 2)
EXIF package read failed for /nonexistent/973.JPG: PathNotFoundException: Cannot open file, path = '/nonexistent/973.JPG' (OS Error: No such file or directory, errno = 2)
EXIF package read failed for /nonexistent/974.JPG: PathNotFoundException: Cannot open file, path = '/nonexistent/974.JPG' (OS Error: No such file or directory, errno = 2)
EXIF package read failed for /nonexistent/975.JPG: PathNotFoundException: Cannot open file, path = '/nonexistent/975.JPG' (OS Error: No such file or directory, errno = 2)
EXIF package read failed for /nonexistent/976.JPG: PathNotFoundException: Cannot open file, path = '/nonexistent/976.JPG' (OS Error: No such file or directory, errno = 2)
EXIF package read failed for /nonexistent/977.JPG: PathNotFoundException: Cannot open file, path = '/nonexistent/977.JPG' (OS Error: No such file or directory, errno = 2)
EXIF package read failed for /nonexistent/978.JPG: PathNotFoundException: Cannot open file, path = '/nonexistent/978.JPG' (OS Error: No such file or directory, errno = 2)
EXIF package read failed for /nonexistent/979.JPG: PathNotFoundException: Cannot open file, path = '/nonexistent/979.JPG' (OS Error: No such file or directory, errno = 2)
EXIF package read failed for /nonexistent/980.JPG: PathNotFoundException: Cannot open file, path = '/nonexistent/980.JPG' (OS Error: No such file or directory, errno = 2)
EXIF package read failed for /nonexistent/981.JPG: PathNotFoundException: Cannot open file, path = '/nonexistent/981.JPG' (OS Error: No such file or directory, errno = 2)
EXIF package read failed for /nonexistent/982.JPG: PathNotFoundException: Cannot open file, path = '/nonexistent/982.JPG' (OS Error: No such file or directory, errno = 2)
EXIF package read failed for /nonexistent/983.JPG: PathNotFoundException: Cannot open file, path = '/nonexistent/983.JPG' (OS Error: No such file or directory, errno = 2)
EXIF package read failed for /nonexistent/984.JPG: PathNotFoundException: Cannot open file, path = '/nonexistent/984.JPG' (OS Error: No such file or directory, errno = 2)
EXIF package read failed for /nonexistent/985.JPG: PathNotFoundException: Cannot open file, path = '/nonexistent/985.JPG' (OS Error: No such file or directory, errno = 2)
EXIF package read failed for /nonexistent/986.JPG: PathNotFoundException: Cannot open file, path = '/nonexistent/986.JPG' (OS Error: No such file or directory, errno = 2)
EXIF package read failed for /nonexistent/987.JPG: PathNotFoundException: Cannot open file, path = '/nonexistent/987.JPG' (OS Error: No such file or directory, errno = 2)
EXIF package read failed for /nonexistent/988.JPG: PathNotFoundException: Cannot open file, path = '/nonexistent/988.JPG' (OS Error: No such file or directory, errno = 2)
EXIF package read failed for /nonexistent/989.JPG: PathNotFoundException: Cannot open file, path = '/nonexistent/989.JPG' (OS Error: No such file or directory, errno = 2)
EXIF package read failed for /nonexistent/990.JPG: PathNotFoundException: Cannot open file, path = '/nonexistent/990.JPG' (OS Error: No such file or directory, errno = 2)
EXIF package read failed for /nonexistent/991.JPG: PathNotFoundException: Cannot open file, path = '/nonexistent/991.JPG' (OS Error: No such file or directory, errno = 2)
EXIF package read failed for /nonexistent/992.JPG: PathNotFoundException: Cannot open file, path = '/nonexistent/992.JPG' (OS Error: No such file or directory, errno = 2)
EXIF package read failed for /nonexistent/993.JPG: PathNotFoundException: Cannot open file, path = '/nonexistent/993.JPG' (OS Error: No such file or directory, errno = 2)
EXIF package read failed for /nonexistent/994.JPG: PathNotFoundException: Cannot open file, path = '/nonexistent/994.JPG' (OS Error: No such file or directory, errno = 2)
EXIF package read failed for /nonexistent/995.JPG: PathNotFoundException: Cannot open file, path = '/nonexistent/995.JPG' (OS Error: No such file or directory, errno = 2)
EXIF package read failed for /nonexistent/996.JPG: PathNotFoundException: Cannot open file, path = '/nonexistent/996.JPG' (OS Error: No such file or directory, errno = 2)
EXIF package read failed for /nonexistent/997.JPG: PathNotFoundException: Cannot open file, path = '/nonexistent/997.JPG' (OS Error: No such file or directory, errno = 2)
EXIF package read failed for /nonexistent/998.JPG: PathNotFoundException: Cannot open file, path = '/nonexistent/998.JPG' (OS Error: No such file or directory, errno = 2)
EXIF package read failed for /nonexistent/999.JPG: PathNotFoundException: Cannot open file, path = '/nonexistent/999.JPG' (OS Error: No such file or directory, errno = 2)
EXIF package read failed for /nonexistent/1000.JPG: PathNotFoundException: Cannot open file, path = '/nonexistent/1000.JPG' (OS Error: No such file or directory, errno = 2)
EXIF package read failed for /nonexistent/1001.JPG: PathNotFoundException: Cannot open file, path = '/nonexistent/1001.JPG' (OS Error: No such file or directory, errno = 2)
EXIF package read failed for /nonexistent/1002.JPG: PathNotFoundException: Cannot open file, path = '/nonexistent/1002.JPG' (OS Error: No such file or directory, errno = 2)
EXIF package read failed for /nonexistent/1003.JPG: PathNotFoundException: Cannot open file, path = '/nonexistent/1003.JPG' (OS Error: No such file or directory, errno = 2)
EXIF package read failed for /nonexistent/1004.JPG: PathNotFoundException: Cannot open file, path = '/nonexistent/1004.JPG' (OS Error: No such file or directory, errno = 2)
EXIF package read failed for /nonexistent/1005.JPG: PathNotFoundException: Cannot open file, path = '/nonexistent/1005.JPG' (OS Error: No such file or directory, errno = 2)
EXIF package read failed for /nonexistent/1006.JPG: PathNotFoundException: Cannot open file, path = '/nonexistent/1006.JPG' (OS Error: No such file or directory, errno = 2)
EXIF package read failed for /nonexistent/1007.JPG: PathNotFoundException: Cannot open file, path = '/nonexistent/1007.JPG' (OS Error: No such file or directory, errno = 2)
EXIF package read failed for /nonexistent/1008.JPG: PathNotFoundException: Cannot open file, path = '/nonexistent/1008.JPG' (OS Error: No such file or directory, errno = 2)
EXIF package read failed for /nonexistent/1009.JPG: PathNotFoundException: Cannot open file, path = '/nonexistent/1009.JPG' (OS Error: No such file or directory, errno = 2)
EXIF package read failed for /nonexistent/1010.JPG: PathNotFoundException: Cannot open file, path = '/nonexistent/1010.JPG' (OS Error: No such file or directory, errno = 2)
EXIF package read failed for /nonexistent/1011.JPG: PathNotFoundException: Cannot open file, path = '/nonexistent/1011.JPG' (OS Error: No such file or directory, errno = 2)
EXIF package read failed for /nonexistent/1012.JPG: PathNotFoundException: Cannot open file, path = '/nonexistent/1012.JPG' (OS Error: No such file or directory, errno = 2)
EXIF package read failed for /nonexistent/1013.JPG: PathNotFoundException: Cannot open file, path = '/nonexistent/1013.JPG' (OS Error: No such file or directory, errno = 2)
EXIF package read failed for /nonexistent/1014.JPG: PathNotFoundException: Cannot open file, path = '/nonexistent/1014.JPG' (OS Error: No such file or directory, errno = 2)
EXIF package read failed for /nonexistent/1015.JPG: PathNotFoundException: Cannot open file, path = '/nonexistent/1015.JPG' (OS Error: No such file or directory, errno = 2)
EXIF package read failed for /nonexistent/1016.JPG: PathNotFoundException: Cannot open file, path = '/nonexistent/1016.JPG' (OS Error: No such file or directory, errno = 2)
EXIF package read failed for /nonexistent/1017.JPG: PathNotFoundException: Cannot open file, path = '/nonexistent/1017.JPG' (OS Error: No such file or directory, errno = 2)
EXIF package read failed for /nonexistent/1018.JPG: PathNotFoundException: Cannot open file, path = '/nonexistent/1018.JPG' (OS Error: No such file or directory, errno = 2)
EXIF package read failed for /nonexistent/1020.JPG: PathNotFoundException: Cannot open file, path = '/nonexistent/1020.JPG' (OS Error: No such file or directory, errno = 2)
EXIF package read failed for /nonexistent/1019.JPG: PathNotFoundException: Cannot open file, path = '/nonexistent/1019.JPG' (OS Error: No such file or directory, errno = 2)
EXIF package read failed for /nonexistent/1021.JPG: PathNotFoundException: Cannot open file, path = '/nonexistent/1021.JPG' (OS Error: No such file or directory, errno = 2)
EXIF package read failed for /nonexistent/1022.JPG: PathNotFoundException: Cannot open file, path = '/nonexistent/1022.JPG' (OS Error: No such file or directory, errno = 2)
EXIF package read failed for /nonexistent/1023.JPG: PathNotFoundException: Cannot open file, path = '/nonexistent/1023.JPG' (OS Error: No such file or directory, errno = 2)
EXIF package read failed for /nonexistent/1024.JPG: PathNotFoundException: Cannot open file, path = '/nonexistent/1024.JPG' (OS Error: No such file or directory, errno = 2)
EXIF package read failed for /nonexistent/1025.JPG: PathNotFoundException: Cannot open file, path = '/nonexistent/1025.JPG' (OS Error: No such file or directory, errno = 2)
EXIF package read failed for /nonexistent/1026.JPG: PathNotFoundException: Cannot open file, path = '/nonexistent/1026.JPG' (OS Error: No such file or directory, errno = 2)
EXIF package read failed for /nonexistent/1027.JPG: PathNotFoundException: Cannot open file, path = '/nonexistent/1027.JPG' (OS Error: No such file or directory, errno = 2)
EXIF package read failed for /nonexistent/1028.JPG: PathNotFoundException: Cannot open file, path = '/nonexistent/1028.JPG' (OS Error: No such file or directory, errno = 2)
EXIF package read failed for /nonexistent/1029.JPG: PathNotFoundException: Cannot open file, path = '/nonexistent/1029.JPG' (OS Error: No such file or directory, errno = 2)
EXIF package read failed for /nonexistent/1030.JPG: PathNotFoundException: Cannot open file, path = '/nonexistent/1030.JPG' (OS Error: No such file or directory, errno = 2)
EXIF package read failed for /nonexistent/1031.JPG: PathNotFoundException: Cannot open file, path = '/nonexistent/1031.JPG' (OS Error: No such file or directory, errno = 2)
EXIF package read failed for /nonexistent/1032.JPG: PathNotFoundException: Cannot open file, path = '/nonexistent/1032.JPG' (OS Error: No such file or directory, errno = 2)
EXIF package read failed for /nonexistent/1033.JPG: PathNotFoundException: Cannot open file, path = '/nonexistent/1033.JPG' (OS Error: No such file or directory, errno = 2)
EXIF package read failed for /nonexistent/1034.JPG: PathNotFoundException: Cannot open file, path = '/nonexistent/1034.JPG' (OS Error: No such file or directory, errno = 2)
EXIF package read failed for /nonexistent/1035.JPG: PathNotFoundException: Cannot open file, path = '/nonexistent/1035.JPG' (OS Error: No such file or directory, errno = 2)
EXIF package read failed for /nonexistent/1036.JPG: PathNotFoundException: Cannot open file, path = '/nonexistent/1036.JPG' (OS Error: No such file or directory, errno = 2)
EXIF package read failed for /nonexistent/1037.JPG: PathNotFoundException: Cannot open file, path = '/nonexistent/1037.JPG' (OS Error: No such file or directory, errno = 2)
EXIF package read failed for /nonexistent/1038.JPG: PathNotFoundException: Cannot open file, path = '/nonexistent/1038.JPG' (OS Error: No such file or directory, errno = 2)
EXIF package read failed for /nonexistent/1039.JPG: PathNotFoundException: Cannot open file, path = '/nonexistent/1039.JPG' (OS Error: No such file or directory, errno = 2)
EXIF package read failed for /nonexistent/1040.JPG: PathNotFoundException: Cannot open file, path = '/nonexistent/1040.JPG' (OS Error: No such file or directory, errno = 2)
EXIF package read failed for /nonexistent/1041.JPG: PathNotFoundException: Cannot open file, path = '/nonexistent/1041.JPG' (OS Error: No such file or directory, errno = 2)
EXIF package read failed for /nonexistent/1042.JPG: PathNotFoundException: Cannot open file, path = '/nonexistent/1042.JPG' (OS Error: No such file or directory, errno = 2)
EXIF package read failed for /nonexistent/1043.JPG: PathNotFoundException: Cannot open file, path = '/nonexistent/1043.JPG' (OS Error: No such file or directory, errno = 2)
EXIF package read failed for /nonexistent/1044.JPG: PathNotFoundException: Cannot open file, path = '/nonexistent/1044.JPG' (OS Error: No such file or directory, errno = 2)
EXIF package read failed for /nonexistent/1045.JPG: PathNotFoundException: Cannot open file, path = '/nonexistent/1045.JPG' (OS Error: No such file or directory, errno = 2)
EXIF package read failed for /nonexistent/1046.JPG: PathNotFoundException: Cannot open file, path = '/nonexistent/1046.JPG' (OS Error: No such file or directory, errno = 2)
EXIF package read failed for /nonexistent/1047.JPG: PathNotFoundException: Cannot open file, path = '/nonexistent/1047.JPG' (OS Error: No such file or directory, errno = 2)
EXIF package read failed for /nonexistent/1048.JPG: PathNotFoundException: Cannot open file, path = '/nonexistent/1048.JPG' (OS Error: No such file or directory, errno = 2)
EXIF package read failed for /nonexistent/1049.JPG: PathNotFoundException: Cannot open file, path = '/nonexistent/1049.JPG' (OS Error: No such file or directory, errno = 2)
EXIF package read failed for /nonexistent/1050.JPG: PathNotFoundException: Cannot open file, path = '/nonexistent/1050.JPG' (OS Error: No such file or directory, errno = 2)
EXIF package read failed for /nonexistent/1051.JPG: PathNotFoundException: Cannot open file, path = '/nonexistent/1051.JPG' (OS Error: No such file or directory, errno = 2)
EXIF package read failed for /nonexistent/1052.JPG: PathNotFoundException: Cannot open file, path = '/nonexistent/1052.JPG' (OS Error: No such file or directory, errno = 2)
EXIF package read failed for /nonexistent/1053.JPG: PathNotFoundException: Cannot open file, path = '/nonexistent/1053.JPG' (OS Error: No such file or directory, errno = 2)
EXIF package read failed for /nonexistent/1054.JPG: PathNotFoundException: Cannot open file, path = '/nonexistent/1054.JPG' (OS Error: No such file or directory, errno = 2)
EXIF package read failed for /nonexistent/1055.JPG: PathNotFoundException: Cannot open file, path = '/nonexistent/1055.JPG' (OS Error: No such file or directory, errno = 2)
EXIF package read failed for /nonexistent/1056.JPG: PathNotFoundException: Cannot open file, path = '/nonexistent/1056.JPG' (OS Error: No such file or directory, errno = 2)
EXIF package read failed for /nonexistent/1057.JPG: PathNotFoundException: Cannot open file, path = '/nonexistent/1057.JPG' (OS Error: No such file or directory, errno = 2)
EXIF package read failed for /nonexistent/1058.JPG: PathNotFoundException: Cannot open file, path = '/nonexistent/1058.JPG' (OS Error: No such file or directory, errno = 2)
EXIF package read failed for /nonexistent/1059.JPG: PathNotFoundException: Cannot open file, path = '/nonexistent/1059.JPG' (OS Error: No such file or directory, errno = 2)
EXIF package read failed for /nonexistent/1060.JPG: PathNotFoundException: Cannot open file, path = '/nonexistent/1060.JPG' (OS Error: No such file or directory, errno = 2)
EXIF package read failed for /nonexistent/1061.JPG: PathNotFoundException: Cannot open file, path = '/nonexistent/1061.JPG' (OS Error: No such file or directory, errno = 2)
EXIF package read failed for /nonexistent/1062.JPG: PathNotFoundException: Cannot open file, path = '/nonexistent/1062.JPG' (OS Error: No such file or directory, errno = 2)
EXIF package read failed for /nonexistent/1063.JPG: PathNotFoundException: Cannot open file, path = '/nonexistent/1063.JPG' (OS Error: No such file or directory, errno = 2)
EXIF package read failed for /nonexistent/1064.JPG: PathNotFoundException: Cannot open file, path = '/nonexistent/1064.JPG' (OS Error: No such file or directory, errno = 2)
EXIF package read failed for /nonexistent/1065.JPG: PathNotFoundException: Cannot open file, path = '/nonexistent/1065.JPG' (OS Error: No such file or directory, errno = 2)
EXIF package read failed for /nonexistent/1066.JPG: PathNotFoundException: Cannot open file, path = '/nonexistent/1066.JPG' (OS Error: No such file or directory, errno = 2)
EXIF package read failed for /nonexistent/1067.JPG: PathNotFoundException: Cannot open file, path = '/nonexistent/1067.JPG' (OS Error: No such file or directory, errno = 2)
EXIF package read failed for /nonexistent/1068.JPG: PathNotFoundException: Cannot open file, path = '/nonexistent/1068.JPG' (OS Error: No such file or directory, errno = 2)
EXIF package read failed for /nonexistent/1069.JPG: PathNotFoundException: Cannot open file, path = '/nonexistent/1069.JPG' (OS Error: No such file or directory, errno = 2)
EXIF package read failed for /nonexistent/1070.JPG: PathNotFoundException: Cannot open file, path = '/nonexistent/1070.JPG' (OS Error: No such file or directory, errno = 2)
EXIF package read failed for /nonexistent/1071.JPG: PathNotFoundException: Cannot open file, path = '/nonexistent/1071.JPG' (OS Error: No such file or directory, errno = 2)
EXIF package read failed for /nonexistent/1072.JPG: PathNotFoundException: Cannot open file, path = '/nonexistent/1072.JPG' (OS Error: No such file or directory, errno = 2)
EXIF package read failed for /nonexistent/1073.JPG: PathNotFoundException: Cannot open file, path = '/nonexistent/1073.JPG' (OS Error: No such file or directory, errno = 2)
EXIF package read failed for /nonexistent/1074.JPG: PathNotFoundException: Cannot open file, path = '/nonexistent/1074.JPG' (OS Error: No such file or directory, errno = 2)
EXIF package read failed for /nonexistent/1075.JPG: PathNotFoundException: Cannot open file, path = '/nonexistent/1075.JPG' (OS Error: No such file or directory, errno = 2)
EXIF package read failed for /nonexistent/1076.JPG: PathNotFoundException: Cannot open file, path = '/nonexistent/1076.JPG' (OS Error: No such file or directory, errno = 2)
EXIF package read failed for /nonexistent/1077.JPG: PathNotFoundException: Cannot open file, path = '/nonexistent/1077.JPG' (OS Error: No such file or directory, errno = 2)
EXIF package read failed for /nonexistent/1078.JPG: PathNotFoundException: Cannot open file, path = '/nonexistent/1078.JPG' (OS Error: No such file or directory, errno = 2)
EXIF package read failed for /nonexistent/1079.JPG: PathNotFoundException: Cannot open file, path = '/nonexistent/1079.JPG' (OS Error: No such file or directory, errno = 2)
EXIF package read failed for /nonexistent/1080.JPG: PathNotFoundException: Cannot open file, path = '/nonexistent/1080.JPG' (OS Error: No such file or directory, errno = 2)
EXIF package read failed for /nonexistent/1081.JPG: PathNotFoundException: Cannot open file, path = '/nonexistent/1081.JPG' (OS Error: No such file or directory, errno = 2)
EXIF package read failed for /nonexistent/1082.JPG: PathNotFoundException: Cannot open file, path = '/nonexistent/1082.JPG' (OS Error: No such file or directory, errno = 2)
EXIF package read failed for /nonexistent/1083.JPG: PathNotFoundException: Cannot open file, path = '/nonexistent/1083.JPG' (OS Error: No such file or directory, errno = 2)
EXIF package read failed for /nonexistent/1084.JPG: PathNotFoundException: Cannot open file, path = '/nonexistent/1084.JPG' (OS Error: No such file or directory, errno = 2)
EXIF package read failed for /nonexistent/1085.JPG: PathNotFoundException: Cannot open file, path = '/nonexistent/1085.JPG' (OS Error: No such file or directory, errno = 2)
EXIF package read failed for /nonexistent/1086.JPG: PathNotFoundException: Cannot open file, path = '/nonexistent/1086.JPG' (OS Error: No such file or directory, errno = 2)
EXIF package read failed for /nonexistent/1087.JPG: PathNotFoundException: Cannot open file, path = '/nonexistent/1087.JPG' (OS Error: No such file or directory, errno = 2)
EXIF package read failed for /nonexistent/1088.JPG: PathNotFoundException: Cannot open file, path = '/nonexistent/1088.JPG' (OS Error: No such file or directory, errno = 2)
EXIF package read failed for /nonexistent/1089.JPG: PathNotFoundException: Cannot open file, path = '/nonexistent/1089.JPG' (OS Error: No such file or directory, errno = 2)
EXIF package read failed for /nonexistent/1090.JPG: PathNotFoundException: Cannot open file, path = '/nonexistent/1090.JPG' (OS Error: No such file or directory, errno = 2)
EXIF package read failed for /nonexistent/1091.JPG: PathNotFoundException: Cannot open file, path = '/nonexistent/1091.JPG' (OS Error: No such file or directory, errno = 2)
EXIF package read failed for /nonexistent/1092.JPG: PathNotFoundException: Cannot open file, path = '/nonexistent/1092.JPG' (OS Error: No such file or directory, errno = 2)
EXIF package read failed for /nonexistent/1093.JPG: PathNotFoundException: Cannot open file, path = '/nonexistent/1093.JPG' (OS Error: No such file or directory, errno = 2)
EXIF package read failed for /nonexistent/1094.JPG: PathNotFoundException: Cannot open file, path = '/nonexistent/1094.JPG' (OS Error: No such file or directory, errno = 2)
EXIF package read failed for /nonexistent/1095.JPG: PathNotFoundException: Cannot open file, path = '/nonexistent/1095.JPG' (OS Error: No such file or directory, errno = 2)
EXIF package read failed for /nonexistent/1096.JPG: PathNotFoundException: Cannot open file, path = '/nonexistent/1096.JPG' (OS Error: No such file or directory, errno = 2)
EXIF package read failed for /nonexistent/1097.JPG: PathNotFoundException: Cannot open file, path = '/nonexistent/1097.JPG' (OS Error: No such file or directory, errno = 2)
EXIF package read failed for /nonexistent/1098.JPG: PathNotFoundException: Cannot open file, path = '/nonexistent/1098.JPG' (OS Error: No such file or directory, errno = 2)
EXIF package read failed for /nonexistent/1099.JPG: PathNotFoundException: Cannot open file, path = '/nonexistent/1099.JPG' (OS Error: No such file or directory, errno = 2)
EXIF package read failed for /nonexistent/1100.JPG: PathNotFoundException: Cannot open file, path = '/nonexistent/1100.JPG' (OS Error: No such file or directory, errno = 2)
EXIF package read failed for /nonexistent/1101.JPG: PathNotFoundException: Cannot open file, path = '/nonexistent/1101.JPG' (OS Error: No such file or directory, errno = 2)
EXIF package read failed for /nonexistent/1102.JPG: PathNotFoundException: Cannot open file, path = '/nonexistent/1102.JPG' (OS Error: No such file or directory, errno = 2)
EXIF package read failed for /nonexistent/1103.JPG: PathNotFoundException: Cannot open file, path = '/nonexistent/1103.JPG' (OS Error: No such file or directory, errno = 2)
EXIF package read failed for /nonexistent/1104.JPG: PathNotFoundException: Cannot open file, path = '/nonexistent/1104.JPG' (OS Error: No such file or directory, errno = 2)
EXIF package read failed for /nonexistent/1105.JPG: PathNotFoundException: Cannot open file, path = '/nonexistent/1105.JPG' (OS Error: No such file or directory, errno = 2)
EXIF package read failed for /nonexistent/1106.JPG: PathNotFoundException: Cannot open file, path = '/nonexistent/1106.JPG' (OS Error: No such file or directory, errno = 2)
EXIF package read failed for /nonexistent/1107.JPG: PathNotFoundException: Cannot open file, path = '/nonexistent/1107.JPG' (OS Error: No such file or directory, errno = 2)
EXIF package read failed for /nonexistent/1108.JPG: PathNotFoundException: Cannot open file, path = '/nonexistent/1108.JPG' (OS Error: No such file or directory, errno = 2)
EXIF package read failed for /nonexistent/1109.JPG: PathNotFoundException: Cannot open file, path = '/nonexistent/1109.JPG' (OS Error: No such file or directory, errno = 2)
EXIF package read failed for /nonexistent/1110.JPG: PathNotFoundException: Cannot open file, path = '/nonexistent/1110.JPG' (OS Error: No such file or directory, errno = 2)
EXIF package read failed for /nonexistent/1111.JPG: PathNotFoundException: Cannot open file, path = '/nonexistent/1111.JPG' (OS Error: No such file or directory, errno = 2)
EXIF package read failed for /nonexistent/1112.JPG: PathNotFoundException: Cannot open file, path = '/nonexistent/1112.JPG' (OS Error: No such file or directory, errno = 2)
EXIF package read failed for /nonexistent/1113.JPG: PathNotFoundException: Cannot open file, path = '/nonexistent/1113.JPG' (OS Error: No such file or directory, errno = 2)
EXIF package read failed for /nonexistent/1114.JPG: PathNotFoundException: Cannot open file, path = '/nonexistent/1114.JPG' (OS Error: No such file or directory, errno = 2)
EXIF package read failed for /nonexistent/1115.JPG: PathNotFoundException: Cannot open file, path = '/nonexistent/1115.JPG' (OS Error: No such file or directory, errno = 2)
EXIF package read failed for /nonexistent/1116.JPG: PathNotFoundException: Cannot open file, path = '/nonexistent/1116.JPG' (OS Error: No such file or directory, errno = 2)
EXIF package read failed for /nonexistent/1117.JPG: PathNotFoundException: Cannot open file, path = '/nonexistent/1117.JPG' (OS Error: No such file or directory, errno = 2)
EXIF package read failed for /nonexistent/1118.JPG: PathNotFoundException: Cannot open file, path = '/nonexistent/1118.JPG' (OS Error: No such file or directory, errno = 2)
EXIF package read failed for /nonexistent/1119.JPG: PathNotFoundException: Cannot open file, path = '/nonexistent/1119.JPG' (OS Error: No such file or directory, errno = 2)
EXIF package read failed for /nonexistent/1120.JPG: PathNotFoundException: Cannot open file, path = '/nonexistent/1120.JPG' (OS Error: No such file or directory, errno = 2)
EXIF package read failed for /nonexistent/1121.JPG: PathNotFoundException: Cannot open file, path = '/nonexistent/1121.JPG' (OS Error: No such file or directory, errno = 2)
EXIF package read failed for /nonexistent/1122.JPG: PathNotFoundException: Cannot open file, path = '/nonexistent/1122.JPG' (OS Error: No such file or directory, errno = 2)
EXIF package read failed for /nonexistent/1123.JPG: PathNotFoundException: Cannot open file, path = '/nonexistent/1123.JPG' (OS Error: No such file or directory, errno = 2)
EXIF package read failed for /nonexistent/1124.JPG: PathNotFoundException: Cannot open file, path = '/nonexistent/1124.JPG' (OS Error: No such file or directory, errno = 2)
EXIF package read failed for /nonexistent/1125.JPG: PathNotFoundException: Cannot open file, path = '/nonexistent/1125.JPG' (OS Error: No such file or directory, errno = 2)
EXIF package read failed for /nonexistent/1126.JPG: PathNotFoundException: Cannot open file, path = '/nonexistent/1126.JPG' (OS Error: No such file or directory, errno = 2)
EXIF package read failed for /nonexistent/1127.JPG: PathNotFoundException: Cannot open file, path = '/nonexistent/1127.JPG' (OS Error: No such file or directory, errno = 2)
EXIF package read failed for /nonexistent/1128.JPG: PathNotFoundException: Cannot open file, path = '/nonexistent/1128.JPG' (OS Error: No such file or directory, errno = 2)
EXIF package read failed for /nonexistent/1129.JPG: PathNotFoundException: Cannot open file, path = '/nonexistent/1129.JPG' (OS Error: No such file or directory, errno = 2)
EXIF package read failed for /nonexistent/1130.JPG: PathNotFoundException: Cannot open file, path = '/nonexistent/1130.JPG' (OS Error: No such file or directory, errno = 2)
EXIF package read failed for /nonexistent/1131.JPG: PathNotFoundException: Cannot open file, path = '/nonexistent/1131.JPG' (OS Error: No such file or directory, errno = 2)
EXIF package read failed for /nonexistent/1132.JPG: PathNotFoundException: Cannot open file, path = '/nonexistent/1132.JPG' (OS Error: No such file or directory, errno = 2)
EXIF package read failed for /nonexistent/1133.JPG: PathNotFoundException: Cannot open file, path = '/nonexistent/1133.JPG' (OS Error: No such file or directory, errno = 2)
EXIF package read failed for /nonexistent/1134.JPG: PathNotFoundException: Cannot open file, path = '/nonexistent/1134.JPG' (OS Error: No such file or directory, errno = 2)
EXIF package read failed for /nonexistent/1135.JPG: PathNotFoundException: Cannot open file, path = '/nonexistent/1135.JPG' (OS Error: No such file or directory, errno = 2)
EXIF package read failed for /nonexistent/1136.JPG: PathNotFoundException: Cannot open file, path = '/nonexistent/1136.JPG' (OS Error: No such file or directory, errno = 2)
EXIF package read failed for /nonexistent/1137.JPG: PathNotFoundException: Cannot open file, path = '/nonexistent/1137.JPG' (OS Error: No such file or directory, errno = 2)
EXIF package read failed for /nonexistent/1138.JPG: PathNotFoundException: Cannot open file, path = '/nonexistent/1138.JPG' (OS Error: No such file or directory, errno = 2)
EXIF package read failed for /nonexistent/1139.JPG: PathNotFoundException: Cannot open file, path = '/nonexistent/1139.JPG' (OS Error: No such file or directory, errno = 2)
EXIF package read failed for /nonexistent/1140.JPG: PathNotFoundException: Cannot open file, path = '/nonexistent/1140.JPG' (OS Error: No such file or directory, errno = 2)
EXIF package read failed for /nonexistent/1141.JPG: PathNotFoundException: Cannot open file, path = '/nonexistent/1141.JPG' (OS Error: No such file or directory, errno = 2)
EXIF package read failed for /nonexistent/1142.JPG: PathNotFoundException: Cannot open file, path = '/nonexistent/1142.JPG' (OS Error: No such file or directory, errno = 2)
EXIF package read failed for /nonexistent/1143.JPG: PathNotFoundException: Cannot open file, path = '/nonexistent/1143.JPG' (OS Error: No such file or directory, errno = 2)
EXIF package read failed for /nonexistent/1144.JPG: PathNotFoundException: Cannot open file, path = '/nonexistent/1144.JPG' (OS Error: No such file or directory, errno = 2)
EXIF package read failed for /nonexistent/1145.JPG: PathNotFoundException: Cannot open file, path = '/nonexistent/1145.JPG' (OS Error: No such file or directory, errno = 2)
EXIF package read failed for /nonexistent/1146.JPG: PathNotFoundException: Cannot open file, path = '/nonexistent/1146.JPG' (OS Error: No such file or directory, errno = 2)
EXIF package read failed for /nonexistent/1147.JPG: PathNotFoundException: Cannot open file, path = '/nonexistent/1147.JPG' (OS Error: No such file or directory, errno = 2)
EXIF package read failed for /nonexistent/1148.JPG: PathNotFoundException: Cannot open file, path = '/nonexistent/1148.JPG' (OS Error: No such file or directory, errno = 2)
EXIF package read failed for /nonexistent/1149.JPG: PathNotFoundException: Cannot open file, path = '/nonexistent/1149.JPG' (OS Error: No such file or directory, errno = 2)
EXIF package read failed for /nonexistent/1150.JPG: PathNotFoundException: Cannot open file, path = '/nonexistent/1150.JPG' (OS Error: No such file or directory, errno = 2)
EXIF package read failed for /nonexistent/1151.JPG: PathNotFoundException: Cannot open file, path = '/nonexistent/1151.JPG' (OS Error: No such file or directory, errno = 2)
EXIF package read failed for /nonexistent/1152.JPG: PathNotFoundException: Cannot open file, path = '/nonexistent/1152.JPG' (OS Error: No such file or directory, errno = 2)
EXIF package read failed for /nonexistent/1153.JPG: PathNotFoundException: Cannot open file, path = '/nonexistent/1153.JPG' (OS Error: No such file or directory, errno = 2)
EXIF package read failed for /nonexistent/1154.JPG: PathNotFoundException: Cannot open file, path = '/nonexistent/1154.JPG' (OS Error: No such file or directory, errno = 2)
EXIF package read failed for /nonexistent/1155.JPG: PathNotFoundException: Cannot open file, path = '/nonexistent/1155.JPG' (OS Error: No such file or directory, errno = 2)
EXIF package read failed for /nonexistent/1156.JPG: PathNotFoundException: Cannot open file, path = '/nonexistent/1156.JPG' (OS Error: No such file or directory, errno = 2)
EXIF package read failed for /nonexistent/1157.JPG: PathNotFoundException: Cannot open file, path = '/nonexistent/1157.JPG' (OS Error: No such file or directory, errno = 2)
EXIF package read failed for /nonexistent/1158.JPG: PathNotFoundException: Cannot open file, path = '/nonexistent/1158.JPG' (OS Error: No such file or directory, errno = 2)
EXIF package read failed for /nonexistent/1159.JPG: PathNotFoundException: Cannot open file, path = '/nonexistent/1159.JPG' (OS Error: No such file or directory, errno = 2)
EXIF package read failed for /nonexistent/1160.JPG: PathNotFoundException: Cannot open file, path = '/nonexistent/1160.JPG' (OS Error: No such file or directory, errno = 2)
EXIF package read failed for /nonexistent/1161.JPG: PathNotFoundException: Cannot open file, path = '/nonexistent/1161.JPG' (OS Error: No such file or directory, errno = 2)
EXIF package read failed for /nonexistent/1162.JPG: PathNotFoundException: Cannot open file, path = '/nonexistent/1162.JPG' (OS Error: No such file or directory, errno = 2)
EXIF package read failed for /nonexistent/1163.JPG: PathNotFoundException: Cannot open file, path = '/nonexistent/1163.JPG' (OS Error: No such file or directory, errno = 2)
EXIF package read failed for /nonexistent/1164.JPG: PathNotFoundException: Cannot open file, path = '/nonexistent/1164.JPG' (OS Error: No such file or directory, errno = 2)
EXIF package read failed for /nonexistent/1165.JPG: PathNotFoundException: Cannot open file, path = '/nonexistent/1165.JPG' (OS Error: No such file or directory, errno = 2)
EXIF package read failed for /nonexistent/1166.JPG: PathNotFoundException: Cannot open file, path = '/nonexistent/1166.JPG' (OS Error: No such file or directory, errno = 2)
EXIF package read failed for /nonexistent/1167.JPG: PathNotFoundException: Cannot open file, path = '/nonexistent/1167.JPG' (OS Error: No such file or directory, errno = 2)
EXIF package read failed for /nonexistent/1168.JPG: PathNotFoundException: Cannot open file, path = '/nonexistent/1168.JPG' (OS Error: No such file or directory, errno = 2)
EXIF package read failed for /nonexistent/1169.JPG: PathNotFoundException: Cannot open file, path = '/nonexistent/1169.JPG' (OS Error: No such file or directory, errno = 2)
EXIF package read failed for /nonexistent/1170.JPG: PathNotFoundException: Cannot open file, path = '/nonexistent/1170.JPG' (OS Error: No such file or directory, errno = 2)
EXIF package read failed for /nonexistent/1171.JPG: PathNotFoundException: Cannot open file, path = '/nonexistent/1171.JPG' (OS Error: No such file or directory, errno = 2)
EXIF package read failed for /nonexistent/1172.JPG: PathNotFoundException: Cannot open file, path = '/nonexistent/1172.JPG' (OS Error: No such file or directory, errno = 2)
EXIF package read failed for /nonexistent/1173.JPG: PathNotFoundException: Cannot open file, path = '/nonexistent/1173.JPG' (OS Error: No such file or directory, errno = 2)
EXIF package read failed for /nonexistent/1174.JPG: PathNotFoundException: Cannot open file, path = '/nonexistent/1174.JPG' (OS Error: No such file or directory, errno = 2)
EXIF package read failed for /nonexistent/1175.JPG: PathNotFoundException: Cannot open file, path = '/nonexistent/1175.JPG' (OS Error: No such file or directory, errno = 2)
EXIF package read failed for /nonexistent/1176.JPG: PathNotFoundException: Cannot open file, path = '/nonexistent/1176.JPG' (OS Error: No such file or directory, errno = 2)
EXIF package read failed for /nonexistent/1177.JPG: PathNotFoundException: Cannot open file, path = '/nonexistent/1177.JPG' (OS Error: No such file or directory, errno = 2)
EXIF package read failed for /nonexistent/1178.JPG: PathNotFoundException: Cannot open file, path = '/nonexistent/1178.JPG' (OS Error: No such file or directory, errno = 2)
EXIF package read failed for /nonexistent/1179.JPG: PathNotFoundException: Cannot open file, path = '/nonexistent/1179.JPG' (OS Error: No such file or directory, errno = 2)
EXIF package read failed for /nonexistent/1180.JPG: PathNotFoundException: Cannot open file, path = '/nonexistent/1180.JPG' (OS Error: No such file or directory, errno = 2)
EXIF package read failed for /nonexistent/1181.JPG: PathNotFoundException: Cannot open file, path = '/nonexistent/1181.JPG' (OS Error: No such file or directory, errno = 2)
EXIF package read failed for /nonexistent/1182.JPG: PathNotFoundException: Cannot open file, path = '/nonexistent/1182.JPG' (OS Error: No such file or directory, errno = 2)
EXIF package read failed for /nonexistent/1183.JPG: PathNotFoundException: Cannot open file, path = '/nonexistent/1183.JPG' (OS Error: No such file or directory, errno = 2)
EXIF package read failed for /nonexistent/1184.JPG: PathNotFoundException: Cannot open file, path = '/nonexistent/1184.JPG' (OS Error: No such file or directory, errno = 2)
EXIF package read failed for /nonexistent/1185.JPG: PathNotFoundException: Cannot open file, path = '/nonexistent/1185.JPG' (OS Error: No such file or directory, errno = 2)
EXIF package read failed for /nonexistent/1186.JPG: PathNotFoundException: Cannot open file, path = '/nonexistent/1186.JPG' (OS Error: No such file or directory, errno = 2)
EXIF package read failed for /nonexistent/1187.JPG: PathNotFoundException: Cannot open file, path = '/nonexistent/1187.JPG' (OS Error: No such file or directory, errno = 2)
EXIF package read failed for /nonexistent/1188.JPG: PathNotFoundException: Cannot open file, path = '/nonexistent/1188.JPG' (OS Error: No such file or directory, errno = 2)
EXIF package read failed for /nonexistent/1189.JPG: PathNotFoundException: Cannot open file, path = '/nonexistent/1189.JPG' (OS Error: No such file or directory, errno = 2)
EXIF package read failed for /nonexistent/1190.JPG: PathNotFoundException: Cannot open file, path = '/nonexistent/1190.JPG' (OS Error: No such file or directory, errno = 2)
EXIF package read failed for /nonexistent/1191.JPG: PathNotFoundException: Cannot open file, path = '/nonexistent/1191.JPG' (OS Error: No such file or directory, errno = 2)
EXIF package read failed for /nonexistent/1192.JPG: PathNotFoundException: Cannot open file, path = '/nonexistent/1192.JPG' (OS Error: No such file or directory, errno = 2)
EXIF package read failed for /nonexistent/1193.JPG: PathNotFoundException: Cannot open file, path = '/nonexistent/1193.JPG' (OS Error: No such file or directory, errno = 2)
EXIF package read failed for /nonexistent/1194.JPG: PathNotFoundException: Cannot open file, path = '/nonexistent/1194.JPG' (OS Error: No such file or directory, errno = 2)
EXIF package read failed for /nonexistent/1195.JPG: PathNotFoundException: Cannot open file, path = '/nonexistent/1195.JPG' (OS Error: No such file or directory, errno = 2)
EXIF package read failed for /nonexistent/1196.JPG: PathNotFoundException: Cannot open file, path = '/nonexistent/1196.JPG' (OS Error: No such file or directory, errno = 2)
EXIF package read failed for /nonexistent/1197.JPG: PathNotFoundException: Cannot open file, path = '/nonexistent/1197.JPG' (OS Error: No such file or directory, errno = 2)
EXIF package read failed for /nonexistent/1198.JPG: PathNotFoundException: Cannot open file, path = '/nonexistent/1198.JPG' (OS Error: No such file or directory, errno = 2)
EXIF package read failed for /nonexistent/1199.JPG: PathNotFoundException: Cannot open file, path = '/nonexistent/1199.JPG' (OS Error: No such file or directory, errno = 2)
01:11 +406: All tests passed!
TEST_RC=0
